title,developer,url,published_date,price,genre,description,tags
SPACE ROCKS!!!!!!!,scapi_09,https://scapi-09.itch.io/space-rocks,2025-04-29T02:56:00Z,,,,[]
Resident Evil: Purge Mission,SimonHu,https://yiyuanstudio.itch.io/resident-evil-purge-mission,2025-04-29T02:54:00Z,,Shooter,REPM,"['3D', 'Dark', 'Horror', 'resident-evil', 'Third-Person Shooter', 'Unity', 'Zombies']"
Pixel Taggers,Reaper_YT01272,https://reaper-yt01272.itch.io/pixel-taggers,2025-04-29T02:47:00Z,,,,[]
More than Meets the Eye,Brandon Mooney,https://brandonmooney.itch.io/mtmte,2025-04-29T02:46:00Z,,Platformer,A Transformers Mechanics Playground,[]
El despegar - 002,TheLastSebas,https://thelastsebas.itch.io/el-despegar-002,2025-04-29T02:46:00Z,,,Enfrentamiento con enemigo!,[]
Doom,sarazike,https://sarazike.itch.io/doom,2025-04-29T02:41:00Z,,,,[]
Soccer,agfonse,https://agfonse.itch.io/soccer,2025-04-29T02:41:00Z,,,,[]
Adivina Who Marvel,Yesayam,https://yesayam.itch.io/adivina-who-s,2025-04-29T02:41:00Z,,,,[]
Clue Detective,Yesayam,https://yesayam.itch.io/clue-detective-se,2025-04-29T02:40:00Z,,,,['Indie']
Break In,Theo P. Ponent,https://theopponent.itch.io/break-in,2025-04-29T02:39:00Z,,Action,A ball-and-paddle game made for the DiscMaster Game Jam 2025,['Breakout']
Ad Obscurum,MHNWPOL,https://floppaman.itch.io/ad-obscurum,2025-04-29T02:36:00Z,,Action,Rescue precious data from the vastness of deep netspace!,"['No AI', 'Retro', ""Shoot 'Em Up"", 'Singleplayer', 'Space']"
monkey scary v10,HACKED12345432345,https://hacked12345432345.itch.io/monkey-scary-v10,2025-04-29T02:29:00Z,,,,[]
CookSpace Ver 1.10,PurpleP0tat0,https://purplep0tat0.itch.io/cookspace-ver-110,2025-04-29T02:26:00Z,,,,[]
Naval Chess,SuperDuperSmartGuy,https://superdupersmartguy.itch.io/naval-chess,2025-04-29T02:22:00Z,,Strategy,Chess mod based on WW2 naval war,"['Chess', 'War']"
Sunset Cafe,CafeMeow,https://coffeebunnybon.itch.io/sunset-cafe,2025-04-29T02:19:00Z,,Simulation,Design and run a cafe to support your furry friends.,"['3D', 'Animals', 'Casual', 'Cats', 'Cozy', 'Cute', 'Indie', 'Management', 'Relaxing']"
Heights and Hairballs,Logan C,https://ljchandler21.itch.io/heights-and-hairballs,2025-04-29T02:14:00Z,,Platformer,"A vertical scramble of paws, parkour, and pure panic.","['chaos', 'Funny', 'Meme', 'Parkour']"
My Talking Victor,Tontin,https://chickento.itch.io/my-talkinh-victor,2025-04-29T02:13:00Z,,Educational,tipo my Talking tom mas só que do Victor GemaPlys,[]
Fall of Artemis,JackTheDrak,https://jackthedrak.itch.io/fall-of-artemis,2025-04-29T02:10:00Z,,Role Playing,A visual novel story about a sudden day in the life of Artemis the goddess of the hunt.,"['Fantasy', 'Female Protagonist']"
Robot Boy,nateboy318,https://nateboy318.itch.io/robot-boy,2025-04-29T02:07:00Z,,Adventure,,['2D']
Waiting At The Door,AdithFTW,https://adithftw.itch.io/waiting-at-the-door,2025-04-29T02:07:00Z,,Platformer,Step into the paws of a loyal dog who is confused when one owner mysteriously does not return home.,"['2D', 'storygame']"
EterMéx,tacodtako,https://tacodtako.itch.io/etermex,2025-04-29T02:05:00Z,,,Juego de mesa sobre México.,"['2D', 'Board Game', 'Casual', 'Family Friendly', 'Local multiplayer', 'Top-Down', 'Turn-based']"
PickleMan 64 (FUSE Edition),Super-Fun-Ink,https://super-fun-ink.itch.io/pickleman-64-fuse-edition,2025-04-29T02:05:00Z,,Platformer,,"['3D', '3D Platformer', 'Low-poly', 'Short']"
Brown Bull Racing Muscle Cars 3,blackramcharger963,https://blackramcharger963.itch.io/brown-bull-racing-muscle-cars-3,2025-04-29T02:05:00Z,,Racing,"Third version of Muscle Cars, Sequel to the second version of Muscle cars.","['1989-throwback', '2d-retro-throwback-late-80s-graphics-too', 'based-on-1989-graphics-for-a-1989-throwback', 'brown-bull-racing-muscle-cars-3-racing-video-game', 'Local multiplayer', 'Massively multiplayer', 'Multiplayer', 'piskelapp', 'scratch-3', 'Singleplayer']"
ARCHIVE RESCUE,Lukatz28,https://lukatz28.itch.io/archive-rescue,2025-04-29T02:05:00Z,,Puzzle,Fill the box to save the archive!,"['2D', '90s', 'artgame', 'html', 'minigames', 'packing', 'Retro', 'Tetris', 'utopian-scholastic']"
Walkies,CRobert22,https://crobert22.itch.io/walkies,2025-04-29T02:01:00Z,,Puzzle,,[]
Brown Bull Racing Muscle Cars 2,blackramcharger963,https://blackramcharger963.itch.io/brown-bull-racing-muscle-cars-2,2025-04-29T02:00:00Z,,Racing,"Second version, Sequel to the second muscle cars version.","['1986-throwback', '2d-retro-1986-graphics-throwback', 'brown-bull-racing-muscle-cars-2-racing-video-game', 'Local multiplayer', 'Massively multiplayer', 'Multiplayer', 'piskelapp', 'scratch-3', 'simple-racing-game', 'Singleplayer']"
LoveScript,Oscar Aceves,https://oscarbpgames.itch.io/lovescript,2025-04-29T01:59:00Z,,Simulation,"LoveScript un juego de simulación de citas 2D. Elige a tu personaje ideal, elige preguntas y conquista su corazón.","['2D', 'Cute', 'Unity']"
Christmas Strike,Plurals,https://plurals.itch.io/christmas-strike,2025-04-29T01:58:00Z,,Survival,,[]
KloneWord,Cat Tree Programming,https://konekochino.itch.io/kloneword,2025-04-29T01:55:00Z,,,A simple GML text program.,"['ascii', 'Experimental', 'GameMaker', 'gml', 'program', 'software', 'text', 'tool', 'unfinished']"
Brown Bull Racing Muscle Cars,blackramcharger963,https://blackramcharger963.itch.io/brown-bull-racing-muscle-cars,2025-04-29T01:55:00Z,,Racing,"This is the first muscle cars game, Sequel to Off Road Sprint Runner.","['1983-throwback', '2d-retro-1983-graphics-throwback', 'brown-bull-racing-muscle-cars-racing-video-game', 'Local multiplayer', 'Massively multiplayer', 'Multiplayer', 'piskelapp', 'scratch-3', 'simple-racing-game', 'Singleplayer']"
Space Cowboy,Diego Fer,https://zenseii.itch.io/spacecowboy,2025-04-29T01:44:00Z,,Action,,[]
A Cube In A Cave,ZIRD,https://zirdacc.itch.io/a-cube-in-a-cave,2025-04-29T01:41:00Z,,Platformer,,"['No AI', 'Physics', 'Simple']"
Super Mega Trash Corp,QuicksilverForge,https://quicksilverforge.itch.io/super-mega-trash-corp,2025-04-29T01:37:00Z,,,How much trash can you take out of the ocean?,[]
Witch Quest,EzraE3,https://ezrae3.itch.io/witch-quest,2025-04-29T01:37:00Z,,Platformer,,"['2D', 'Pixel Art', 'Short', 'Singleplayer']"
DRIFT HAPPENS - A world without gravity,n3rdfury,https://n3rdfury.itch.io/drift-happens,2025-04-29T01:35:00Z,,Adventure,World Without Gravity - Entry for Synty Game Jam April 2025,"['Space', 'Zero Gravity']"
Abyssal Shade,halberdssb,https://halberdssb.itch.io/abyssal-shade,2025-04-29T01:35:00Z,,Adventure,Gather celestial fish to restore the corrupted reef,"['3D', 'Atmospheric', 'boid', 'Exploration', 'Short', 'underwater']"
DRIFT HAPPENS - A world without gravity,n3rdfury,https://n3rdfury.itch.io/drift-happens,2025-04-29T01:35:00Z,,Adventure,World Without Gravity - Entry for Synty Game Jam April 2025,"['Space', 'Zero Gravity']"
Abyssal Shade,halberdssb,https://halberdssb.itch.io/abyssal-shade,2025-04-29T01:35:00Z,,Adventure,Gather celestial fish to restore the corrupted reef,"['3D', 'Atmospheric', 'boid', 'Exploration', 'Short', 'underwater']"
Snake Rush,Alberolab,https://alberolab.itch.io/snake-rush,2025-04-28T12:14:00Z,,Puzzle,Un Snake minimaliste pour des parties rapides et fun,"['2D', 'Arcade', 'Indie', 'Minimalist', 'Retro', 'Simple', 'Singleplayer', 'snake']"
GigaSmash,XikariGames,https://xikarigames.itch.io/gigasmash,2025-04-21T00:15:00Z,,Action,You play as a giant smashing brave knights!,"['Arcade', 'Casual', 'Funny', 'Singleplayer']"
Togodoo,mich,https://yooom.itch.io/togodoo,2025-04-29T01:32:00Z,,,A tree-based note taking app,[]
Osseus,Daiabo,https://daiabo.itch.io/osseus,,,Action,,[]
CHAOS d.s.,Daiabo,https://daiabo.itch.io/chaos-ds,2025-04-21T01:55:00Z,,Shooter,short fps/roguelite/wave-shooter,"['3D', 'Aliens', 'Endless', 'First-Person', 'FPS', 'Roguelite', 'Short', 'Singleplayer', 'Unity']"
hunterm64 weekend simulator,HunterM64,https://hunterm64.itch.io/hunterm64-weekend-simulator,2025-04-29T01:27:00Z,,Survival,,[]
My Dinner with Andy the AI,MarsUnderground,https://marsunderground.itch.io/my-dinner-with-andy-the-ai,2025-04-29T01:27:00Z,,Adventure,"Hello there, analogue consciousness. I need some help understanding the data on these ancient shiny discs.",[]
Bar do Lança,Maligna Games,https://maligna-games.itch.io/bar-do-lanca,,,,A GameJam Game,"['Arcade', 'Atmospheric', 'bar', 'carnaval', 'Casual', 'Colorful', 'drinks', 'Funny', 'Indie', 'Unity']"
ProjEcto,Maligna Games,https://maligna-games.itch.io/projecto,2025-04-22T14:47:00Z,,Survival,An indie game made by Maligna Games,"['Monsters', 'Pixel Art', 'Top down shooter', 'Unity', 'Zombies']"
Flappy Bird,Poshitus,https://poshitus.itch.io/flappy-bird,2025-04-29T01:25:00Z,,,,[]
Gone Fishing,Trasta,https://trasta.itch.io/gone-fishing,2025-04-29T01:24:00Z,,Action,,[]
open tag v2,the goat97,https://the-goat97.itch.io/open-tag-v2,2025-04-29T01:22:00Z,,,,[]
Dungeon Escape,FOBELMONTE,https://fobelmonte.itch.io/dungeon-escape,2025-04-29T01:21:00Z,,,Primer parcial Programacion 2,[]
FileBurning,StrangerSide,https://strangerside.itch.io/fileburning,2025-04-29T01:21:00Z,,Puzzle,Your computer is burning! What will you save.,"['Retro', 'weird']"
An Ark for the Amigalites,ElderEphemera,https://elderephemera.itch.io/amigalite-ark,2025-04-29T01:16:00Z,,,,[]
m0urning3ch0.exe,GoncaloGoulao,https://goncalogoulao.itch.io/m0urning3ech0,2025-04-29T01:16:00Z,,,Slip through neon portals to uncover your father's lost mixtapes...,"['Abstract', 'maze', 'minigames', 'No AI', 'Surreal', 'vaporwave']"
The Maze,Teo1eyegeni,https://teo1eyegeni.itch.io/the-maze,2025-04-29T01:11:00Z,,Adventure,,[]
AI TRAINER,milanimal,https://milanimal.itch.io/ai-trainer,2025-04-29T01:08:00Z,,Educational,Train a neural network on the DiscMaster archive,[]
VerseTCG Card Pack Simulation,Nunchikao,https://nunchikao.itch.io/versetcg-demo,2025-04-22T06:38:00Z,,Card Game,TCG card game,"['Funny', 'Indie', 'Meme', 'tcg']"
Circus Bash,Soulxria,https://soulxria.itch.io/circus-bash,2025-04-29T01:03:00Z,,Survival,Circus take on Vampire Survivor,"['3D', 'Colorful', 'Fantasy', 'Roguelite', 'Singleplayer', 'Survivor-like']"
Project rizzler,the goat97,https://the-goat97.itch.io/project-rizzler,2025-04-29T00:59:00Z,,,,[]
rusty chimps .exe,IMDUMB27_VR,https://imdumb27-vr.itch.io/rusty-chimps-exe,2025-04-29T00:50:00Z,,,,[]
Face of Fear: The Forester [DEMO],EvgenoLab,https://evgenolab.itch.io/face-of-fear-the-forester-demo,2025-04-22T19:36:00Z,,Adventure,,"['3D', 'Atmospheric', 'Creepy', 'Dark', 'First-Person', 'Forest', 'Horror', 'Photorealistic', 'Psychological Horror', 'Unity']"
RONIN SHOWDOWN,gab06x,https://gab06x.itch.io/ronin-showdown,2025-04-24T09:40:00Z,,Fighting,App dev project I made with boss drew,"['2D', 'Black and White', 'Indie', 'Local multiplayer', 'Pixel Art', 'Retro', 'Swords']"
Garden Grow!,Faye!,https://faye-walsh.itch.io/garden-grow,2025-04-29T00:45:00Z,,Shooter,,[]
Blood Country,Pirate Dog Games,https://piratedoggames.itch.io/blood-country,2025-04-29T00:44:00Z,,Action,2D roguelike set in the Wild West,"['2D', 'Bullet Hell', 'Perma Death', 'Roguelike', 'Top-Down', 'Top down shooter', 'Violent', 'Wild West']"
That Damned Boulder,mejustin,https://mejustin.itch.io/that-damned-boulder,2025-04-29T00:44:00Z,,,Just one more run… Just one more run… Just one more run…,"['Black and White', 'Cartoon', 'Casual', 'infinite-runner', 'mythology', 'No AI', 'Simple', 'Sprites', 'Third Person', 'Unity']"
The Final Fry,BranBuddy,https://branbuddy.itch.io/the-final-fry,2025-04-29T00:43:00Z,,Action,,['bullet-heaven']
Before the FoRupters game p1,FO'S Corporation,https://forodoy.itch.io/before-the-forupters-game-p1,2025-04-29T00:43:00Z,,Platformer,FoRupters,"['2D', 'before-forupters', 'forupters', 'p-1', 'paralel-1']"
Vampiric Checkmate,CAGD,https://cagd.itch.io/vampiric-checkmate,2025-04-29T00:40:00Z,,Strategy,Strategy roguelike,[]
Scale Seekers,Ahat92,https://ahat92.itch.io/scale-seekers,2025-04-29T00:37:00Z,,Adventure,Platforming RPG where you adventure with your party of three.,"['Pixel Art', 'Turn-based']"
Chat with people,AngelonItch,https://angelonitch.itch.io/chat-with-people,2025-04-29T00:33:00Z,,,some random thinger i decided to do,"['Multiplayer', 'Simple']"
The Test,Dr. standback,https://dr-standback.itch.io/the-test,2025-04-29T00:29:00Z,,,,"['Funny', 'Horror', 'Short', 'Singleplayer']"
The Compunaut & the Meaning of Life,Fabian Evers,https://fabianevers.itch.io/the-compunaut-the-meaning-of-life,2025-04-29T00:28:00Z,,Shooter,Surreal Vapor Wave First Person Shooter,"['3D', 'First-Person', 'FPS', 'Horror', 'No AI', 'Retro', 'Surreal', 'vapor-wave']"
The Compunaut & the Meaning of Life,Fabian Evers,https://fabianevers.itch.io/the-compunaut-the-meaning-of-life,2025-04-29T00:28:00Z,,Shooter,Surreal Vapor Wave First Person Shooter,"['3D', 'First-Person', 'FPS', 'Horror', 'No AI', 'Retro', 'Surreal', 'vapor-wave']"
Nova Strike,KamoAus,https://kamoaus.itch.io/nova-strike,2025-04-29T00:25:00Z,,Shooter,Entry into DiscMaster Jam 2025,"['3D', 'Space']"
Goeland,Maarti,https://maarti.itch.io/goeland,2025-04-29T00:17:00Z,,Adventure,"Soar as a seagull! Tease locals, solve puzzles, explore the island, or just relax, play your way!","['Cozy', 'Cute', 'Exploration', 'Funny', 'nature', 'No AI', 'Sandbox', 'Singleplayer']"
Connect Four,lizard,https://vsegal.itch.io/connect-four,2025-04-29T00:13:00Z,,Strategy,,[]
The hawk game,viga09,https://viga09.itch.io/the-hawk-game,2025-04-29T00:13:00Z,,,Juego de ritmo,['Fangame']
D Fish Game,Griffii Games,https://griffii.itch.io/d-fish-game,2025-04-29T00:10:00Z,,Platformer,A floppy fish named 'D' is trying to get to his girl for spawning season.,"['2D', 'Pixel Art']"
Rail Hunt,Poceyka,https://poceyka.itch.io/rail-hunt,2025-04-18T18:30:00Z,,Action,Rail shooter (quite literally) + Roguelike,"['Aseprite', 'On-Rails Shooter', 'Pixel Art', 'Roguelike', 'upgrades', 'Weapons']"
FEED THEM,Cosmic39,https://cosmic39.itch.io/feed-them,2025-04-29T00:09:00Z,,Survival,A short point and click time-limit game.,"['Creepy', 'Dinosaurs', 'Horror', 'Point & Click', 'Short']"
Square of Joy,Demibug-tinek,https://demibug-tinek.itch.io/square-of-joy,2025-04-21T18:24:00Z,$3,Platformer,A game about a square with four limbs climbing a mountain,"['Controller', 'Difficult', 'jumping', 'Physics', 'Puzzle-Platformer', 'secrets', 'Time Attack', 'Unity']"
Dead Adventurer,AcuMSC,https://acumsc.itch.io/dead-adventurer,2025-04-29T00:07:00Z,,Adventure,,[]
Fender Bender,markanthony26,https://markanthony26.itch.io/fender-bender,,,Action,Have fun bumping into cars going down the freeway,[]
Project Thunder,Vortex Copys,https://vortex-copys.itch.io/project-thunder,2025-04-29T00:06:00Z,,Action,,['gorillatag']
Pepe the Cartomancer,NoiseToSeeYou,https://noisetoseeyou.itch.io/pepe-the-cartomancer,2025-04-29T00:06:00Z,,,,[]
APPocalipse,gibrel,https://gibrel.itch.io/appocalipse,2025-04-29T00:04:00Z,,,Um Endless Runner para a Jam interna do COFAJOCA,"['cofajoca', 'Endless Runner']"
Project Monke v2,Super_monkeYT,https://super-monkeyt.itch.io/project-monke-v2,2025-04-29T00:02:00Z,,Action,,['Gorilla Tag']
After finishing the most important fandom and the fighting games with the best music I have a rom-com choice???,Ziou,https://ziou.itch.io/drafts,2025-04-29T00:00:00Z,,,After finishing the most important fandom and the fighting games with the best music I have a rom-com choice???,[]
Henna at Nanis,charlotte.peterson,https://charlottepeterson.itch.io/henna-at-nanis,,,Educational,,[]
The King is Reborn,sadie,https://sadie-rose-games.itch.io/the-king-is-reborn,2025-04-28T23:52:00Z,,,,[]
Hertz Tag,FamousCat,https://famouscat.itch.io/hertz-tag,2025-04-28T23:51:00Z,,,,[]
Glorbos Quest,estakinator,https://estakinator.itch.io/glorbo-os-pso-soos-os,2025-04-28T23:49:00Z,,Interactive Fiction,I glorbo,"['glorbo', 'No AI', 'RPG Maker']"
IHellDelivery,Enrico Cavicchioli,https://enricocavic.itch.io/ihelldelivery,2025-04-28T23:49:00Z,,,,[]
MRR,LimeBranch,https://limebranch.itch.io/mrr,2025-04-28T23:49:00Z,,Educational,,[]
Duck Duck Hotel,Cam Com,https://cam-com.itch.io/duck-duck-hotel,2025-04-28T23:47:00Z,,Strategy,Manage your hotel full of demandingly-cute duck families to reach a 5-star rating,"['3D', 'Animals', 'Cute', 'Management', 'No AI', 'Roguelike', 'Top-Down', 'Unity']"
fox in the snow,clumpworm,https://clumpworm.itch.io/fox-in-the-snow,2025-04-28T23:45:00Z,,,Summative work for EAS1016 Digital Cultures.,[]
Delve Deeper,Forbsey,https://forbsey13.itch.io/delve-deeper,2025-04-28T23:41:00Z,,Platformer,Navigate your way through the mines to earn gold to progress,[]
Lost in Paradyse,Lemony,https://lemonyrealm.itch.io/lost-in-paradyse,2025-04-28T23:40:00Z,,Interactive Fiction,A prototype multiple choice story,"['11837', '2025', '2D', 'Dystopian', 'interactive-narrative', 'Twine', 'uc']"
PUZZLE:RE,DusK_R4MP4G3,https://dusk-r4mp4g3.itch.io/puzzlere,2025-04-28T23:38:00Z,,Puzzle,,[]
Stumbly Monkes V1,Hayes Jumonville,https://hayes-jumonville.itch.io/stumbly-monkes-v1,2025-04-28T23:33:00Z,,,,[]
Pepesnake,Nailecxx,https://nailecxx.itch.io/pepesnake,2025-04-28T23:32:00Z,,Survival,Control Pepesnake and collect crypto snacks! A purple snake adventure.,"['Arcade', 'Casual', 'crypto', 'Funny', 'keyboard', 'Meme', 'pepe', 'snake']"
Save The Pirate!,FinatoNEWS,https://finatonews.itch.io/save-the-pirate,,,Action,"Dodge obstacles, defeat enemies and defeat bosses!",[]
BRAINBREAKERZ,kattybratt,https://kattybratt.itch.io/brainbreakerz,2025-04-28T23:29:00Z,,Rhythm,The rhythm game where you kill zombies with sick beats!,"['Indie', 'No AI', 'Zombies']"
Lidar V2,yeltsa kcir,https://yeltsa-kcir.itch.io/lidar-v2,2025-04-28T23:29:00Z,,Simulation,Once you click the map(Shapes) then you just need to click to make dots.,['lidar']
Space War,Lucas Faleiros,https://lucas-faleiros.itch.io/space-war,2025-04-28T23:19:00Z,,Adventure,,['Space']
Dead End,Poulin Francois,https://poulin-francois.itch.io/dead-end,2025-04-28T23:15:00Z,$10,,Gotta Shoot 'Em All!,[]
Game-1111 Room Showcase,Khineda,https://khineda.itch.io/game-1111-room-showcase,2025-04-28T23:11:00Z,,,This is a showcase of my room from my Triple A Game Development Tools class at High Point University.,[]
Trystin: Inside Out,Orbleo,https://orbleo.itch.io/ooouuuuuhhhh,2025-04-28T23:07:00Z,,,press space if u wanna live!,"['awesome', 'Horror', 'orbleo', 'orblo']"
Cucei Taco Tycoon,xBorjazz,https://xborjazz.itch.io/cucei-taco-tycoon,2025-04-28T23:06:00Z,,Simulation,A tycoon mobile game where you manage your resources and money to become a professional taco-seller.,"['Economy', 'Pixel Art', 'Tycoon']"
Whimlight,coweigh,https://coweigh.itch.io/whimlight,2025-04-28T23:05:00Z,,Platformer,,[]
Cave Wizard,Jes4l,https://jes4l.itch.io/cave-wizard,2025-04-28T23:01:00Z,,,,[]
ANNUAL,Coral Nulla,https://nullaboxes.itch.io/homeroom,2025-04-28T22:57:00Z,,,fastfood in the sky with farmers,"['decker', 'Food', 'Slice Of Life', 'Transgender']"
Platformer of Firsts,erkix,https://erkix.itch.io/platformer-of-firsts,2025-04-28T22:55:00Z,,Platformer,Somewhat old platformer that I made in class.,[]
Critter tag,Jae4life,https://jae4life.itch.io/critter-tag,2025-04-28T22:54:00Z,,,,[]
Procedural Universe Exploration [Concept Test],Fruit Salad Games,https://kellafickfsllc.itch.io/procedural-universe-exploration,2025-04-28T22:51:00Z,,Simulation,"Explore a Universe that procedurally generates suns, planets, and their moons.","['anomaly', 'Exploration', 'planets', 'Procedural Generation', 'Space']"
CraziiTag,Elijahproductions,https://elijahproductions.itch.io/craziitag,2025-04-28T22:47:00Z,,,,[]
Find the crown,Beesechurg,https://beesechurg.itch.io/medieval-fairytale,2025-04-28T22:45:00Z,,Adventure,,['Singleplayer']
ramazanyazilimiongan,ongan,https://ongan.itch.io/ramazanyazilimiongan,2025-04-28T22:42:00Z,,,,[]
Anglesoft's C2 Prototype,Stanwixbuster,https://stanwixbuster.itch.io/anglesofts-c2-prototype,2025-04-28T22:39:00Z,,Interactive Fiction,,['Internet']
Wolley,podotonio,https://podotonio.itch.io/wolley,2025-04-28T22:36:00Z,,Platformer,a rage platform game,['2D']
jack-in-the-box,SpiralBiscuit,https://jerrygu.itch.io/jack-in-the-box,2025-04-28T22:24:00Z,,Platformer,I hope you have a strong keyboard,"['2D', 'Difficult', 'Pixel Art', 'rage', 'Singleplayer', 'Unity']"
GET THAT CD BACK,Punished Bernadetta,https://punishedbernadetta.itch.io/get-that-cd-back,2025-04-28T22:23:00Z,,Action,It's time for fists-on approach to media preservation.,"['First-Person', 'Godot']"
Brown Bull Racing Off Road Sprint Runner,blackramcharger963,https://blackramcharger963.itch.io/brown-bull-racing-off-road-sprint-runner,2025-04-28T22:22:00Z,,Racing,"This is the Sprint Runner version, #6/the final version, Sequel to Brown Bull Racing Off Road Desert Runner","['1980-throwback', '2d-retro-1980-graphics-throwback-using-piskelapp--other-artwork-from-game-engine-scratch-3-artwork-on-the-left-side-of-the-backdrop-scenes', 'based-on-1980-colours-using-current-colours-that-are-2d', 'brown-bull-racing-off-road-sprint-runner-racing-video-game', 'Local multiplayer', 'Massively multiplayer', 'Multiplayer', 'piskelapp', 'scratch-3', 'Singleplayer']"
Marble Madness: Curse of the 1000 Spikes,JXTLGithub,https://jxtlgithub.itch.io/marble-madness-1,2025-04-28T22:19:00Z,,Platformer,What WAS a challenging 2D platformer game made with Stencyl.,"['2D', 'Metroidvania', 'Singleplayer']"
Brown Bull Racing Off Road Desert Runner,blackramcharger963,https://blackramcharger963.itch.io/brown-bull-racing-off-road-desert-runner,2025-04-28T22:17:00Z,,Racing,"This is the desert runner version, It’s #5, Sequel to Brown Bull Racing Off Road Alpine Runner.","['1976-throwback', '2d-retro-throwback-based-on-1976-artwork-for-a-throwback-using-piskelapp', 'also-1976-graphics-throwback-using-scratch-3-artwork', 'brown-bull-racing-off-road-desert-runner-racing-video-game', 'Local multiplayer', 'Massively multiplayer', 'Multiplayer', 'scratch-3', 'Singleplayer', 'top-down-racing-game--for-the-others-racing-games-as-well']"
DM Super Shmup,rocketfry,https://rocketfry.itch.io/dm-super-shmup,2025-04-28T22:17:00Z,,Action,A space shoot-em-up created in a week for DiscMaster Jam 2025,"['DOS', 'MS-DOS']"
Monkey Business,Fiery91,https://fiery91.itch.io/monkey-business,2025-04-28T22:13:00Z,,Puzzle,Monkeying Around is Considered Overtime Pay!,"['Funny', 'monkey']"
Tide Composer,Tide Composer,https://tidecomposer.itch.io/tidecomposer,2025-04-28T22:13:00Z,,,Compose music by placing stones in a tide pool with helpful animals.,['Music']
The Last Wish,d7shah28,https://d7shah28.itch.io/the-last-wish,2025-04-28T22:13:00Z,,,,[]
SCP-342 - The Ticket,Alex X,https://aleksamanja.itch.io/scp-342-the-ticket,2025-04-28T22:12:00Z,,Puzzle,Can you leave the train?,"['3D', 'Atmospheric', 'Creepy', 'Horror', 'Indie', 'No AI', 'Psychological Horror', 'Short', 'Singleplayer', 'Walking simulator']"
Brown Bull Racing Off Road Alpine Runner,blackramcharger963,https://blackramcharger963.itch.io/brown-bull-racing-off-road-alpine-runner,2025-04-28T22:11:00Z,,Racing,"This is the Alpine Runner Version & it’s #4, Sequel to Brown Bull Racing Off Road 3.","['1972-throwback', '2d-retro-throwback-based-on-1972-graphics-with-trucks--a-retro-classic-2d-graphics-throwback', '70s-classics-related', 'brown-bull-racing-off-road-alpine-runner-racing-video-game', 'Local multiplayer', 'Massively multiplayer', 'Multiplayer', 'piskelapp', 'scratch-3', 'Singleplayer']"
The office,Kvant1041,https://kvant1041.itch.io/the-office,2025-04-28T22:00:00Z,,Puzzle,,"['3D', 'Godot', 'Retro', 'Short']"
Dead Read,GooseStranger,https://goosestranger.itch.io/dead-read,2025-04-28T21:59:00Z,,Survival,"At night, the books come to life...","['3D', 'First-Person', ""Five Nights at Freddy's"", 'Godot', 'Horror', 'Indie', 'maze', 'Monsters', 'Psychological Horror', 'Survival Horror']"
Trash Game(Made using only ChatGPT),Pirana,https://pirana07.itch.io/piranagame,2025-04-28T21:57:00Z,,,chatgptgame,[]
Big Woe's Big Adventure,Sleepy,https://sleepy-boiz.itch.io/woe-is-i-fan-game,2025-04-28T21:56:00Z,,,,[]
VariDungeon Remake [Beta],ZerethjiN,https://zerethjin.itch.io/varidungeon,2025-04-27T21:26:00Z,,Action,Permanent Beta test for a new game.,"['Game Boy', 'Pixel Art', 'Roguelike', 'Top-Down']"
3D Obby,Raynaldo25,https://raynaldo25.itch.io/3d-obby-final,2025-04-28T21:54:00Z,,Platformer,,"['3D', '3D Platformer']"
MAD TOYS,Arkail,https://arrkail.itch.io/mad-toys,2025-04-28T21:54:00Z,,Shooter,Mad Toys,"['Boss battle', 'FPS', 'On-Rails Shooter', 'upgrades', 'Vehicles']"
Love In A Wasteland,paulbabeplease,https://paulbabeplease.itch.io/love-in-a-wasteland,2025-04-28T21:54:00Z,,,Let's make the best of this crummy situation...love will guide us.,[]
RobotBeerBoy,AndyGutterman,https://andygutterman.itch.io/robotbeerboy,2025-04-28T21:47:00Z,,,Modded RobotBoy,[]
Dave Strider Torture,brostrider,https://brostrider.itch.io/dave-strider-torture,,,Simulation,try not to kill him challenge 100% fail rate,"['dave-strider', 'homestuck', 'Virtual Pet']"
All Cats Are Babies,GLITTERY.CHAOS,https://glitterychaos.itch.io/acab,2025-04-28T21:45:00Z,,Visual Novel,A conversation between two employees at the Universal Cat Distribution System,[]
Blastin' v2,dak_quack,https://dak-quack.itch.io/blastin-v2,2025-04-28T21:43:00Z,,Shooter,,[]
About Sara - Academic Version,VGT® GAMING,https://vgtgaming.itch.io/about-sara-educational-version,,,Visual Novel,,[]
Dave Strider Torture,brostrider,https://brostrider.itch.io/dave-strider-torture,,,Simulation,try not to kill him challenge 100% fail rate,"['dave-strider', 'homestuck', 'Virtual Pet']"
All Cats Are Babies,GLITTERY.CHAOS,https://glitterychaos.itch.io/acab,2025-04-28T21:45:00Z,,Visual Novel,A conversation between two employees at the Universal Cat Distribution System,[]
Blastin' v2,dak_quack,https://dak-quack.itch.io/blastin-v2,2025-04-28T21:43:00Z,,Shooter,,[]
About Sara - Academic Version,VGT® GAMING,https://vgtgaming.itch.io/about-sara-educational-version,2025-04-28T21:35:00Z,,Visual Novel,,[]
RED HOUSE,Echooool,https://echooool.itch.io/red-house,2025-04-28T21:35:00Z,,Interactive Fiction,,"['Dark Fantasy', 'Mystery', 'Narrative', 'Twine']"
Mosquito Attack,AstarothGamer,https://astarothgamer.itch.io/mosquito-attack,2025-04-28T21:34:00Z,,Simulation,,"['3D', 'Singleplayer']"
FSNUFF,MeatCube Games,https://meatcube-games.itch.io/fsnuff,2025-04-28T21:31:00Z,,Survival,A parody of all those bad FNAF fangames.,[]
Snacks for Seabert,dojophillip,https://dojophillip.itch.io/snacks-for-seabert,2025-04-28T21:29:00Z,,Platformer,Feed Seabert or he will DIEEEE!,"['3D Platformer', 'Colorful', 'Cozy', 'underwater']"
SLIME SLAYER,stilbie,https://stilbie.itch.io/slime-slayer,2025-04-28T21:27:00Z,,Role Playing,Grinding has never been so fun.,"['Anime', 'Furry', 'Game Jam', 'RPG Maker', 'Slime', 'Tycoon']"
Metal Clip S : Disc Master 2025,Sosadillatron,https://sosadillatron.itch.io/metal-clip-s-disc-master-2025,,,Shooter,"""Playable"" Disk Master 2025 Game Jam Shmup Submission",[]
Where They Wait,Crescence StudioVerified Account,https://crescence-studio.itch.io/where-they-wait,2025-04-28T21:22:00Z,,,"""Never enter the forest on Beltane Eve,"" they said",[]
Visual Novel Prototype,jneill6,https://jneill6.itch.io/visual-novel-prototype,2025-04-28T21:19:00Z,,Visual Novel,A small demo for a visual novel game that doesn't exist,[]
Nevermind,Arfus,https://arfusgd.itch.io/nevermind,2025-04-28T21:18:00Z,,Platformer,Dino Run Clone Game,[]
Tect 1,"Mod,Game.",https://modgame.itch.io/tect-1,2025-04-28T21:17:00Z,,,,[]
Lavender Hollow (Demo!),Cicada Carpenter,https://shadybug.itch.io/lavender-hollow,2025-04-28T21:41:00Z,,Adventure,Puzzle adventure about tending the dead and cherishing the living.,"['3D', 'Cute', 'Ghosts', 'Monsters', 'Narrative', 'Nonlinear', 'Non violent', 'Open Source', 'Pixel Art', 'Spooky']"
pixelated hollow knight,beaumitchell123,https://beaumitchell123.itch.io/hollowknight,2025-04-28T21:14:00Z,,,,[]
Deep Sea Diving,Micah Thompson,https://micahthemaniac.itch.io/deep-sea-diving,2025-04-28T21:14:00Z,,,Dive for treasure!,"['2D', 'Pirates', 'Pixel Art', 'Singleplayer']"
Silent Town (save update),aleqsdev,https://aleqsdev.itch.io/silent-town-save-update,2025-04-28T21:13:00Z,,,,[]
Ice Cream World,chelseajylee,https://chelseajylee.itch.io/ice-cream-world,2025-04-28T21:13:00Z,,Platformer,UT Austin AET313 Games and Interactivity Pixel Art Game,"['2D', 'aet313', 'Cute', 'dessert', 'games-and-interactivity', 'ice-cream', 'Pixel Art', 'Retro', 'Unity', 'ut-austin']"
Old Gorilla Tag,Anthony VRGT,https://anthony-vrgt.itch.io/old-gorilla-tag,2025-04-28T21:13:00Z,,Action,,[]
Boceto.,cqto,https://cqto.itch.io/boceto,2025-04-28T21:13:00Z,,,"Sobre hacer ""algo"".",[]
Track Marks,DDD Wares,https://dddwares.itch.io/trackmarks,2025-04-28T21:12:00Z,,Simulation,The Driver is You,"['Horror', 'Low-poly', 'Meaningful Choices', 'Psychological Horror']"
Escapement,Strawberry Games,https://haisley321.itch.io/escapement,2025-04-28T21:11:00Z,,Adventure,A simple text game.,"['Escape Game', 'No AI', 'Text based']"
bros before hoes,retcontin,https://retcontin.itch.io/bros-before-hoes,2025-04-28T21:11:00Z,,Platformer,sneak away from your girlfrend,[]
Jazz Bear,NotHack Europa,https://nothack-europa.itch.io/jazz-bear,2025-04-28T21:09:00Z,,Visual Novel,I can't possibly have fallen in love with a bear after getting cursed in a vintage store,"['Comedy', 'Gore', 'Horror', 'No AI', 'satire']"
Purple Monkey Game,laurenfinnerty,https://laurenfinnerty.itch.io/purple-monkey-game,2025-04-28T21:07:00Z,,Platformer,my first game ever,[]
One Coffee At A Time,Redcollarwolf,https://redcollarwolf.itch.io/one-coffee-at-a-time,2025-04-28T21:03:00Z,,Simulation,Cafe Bakery Game,"['2D', 'cafe', 'Casual', 'Cooking', 'Crafting', 'Fantasy', 'Indie', 'Pixel Art', 'Top-Down']"
Sinking-Dolphins,Niki_Hendel,https://niki-hendel.itch.io/sinkingdolpins,2025-04-28T21:02:00Z,,Adventure,,['3D']
Route5972,Viktar Shchors,https://kelidon.itch.io/route5972,2025-04-28T20:59:00Z,,Racing,"Race wreckage near Voiden City. Dodge drones, make choices, shape your fate.","['2D', 'Detective', 'Indie', 'Retro', 'Singleplayer', 'Space']"
Sort & Smite,PuhoyLu,https://puhoylu.itch.io/sort-and-smite,2025-04-28T20:58:00Z,,Strategy,Defeat your landlord in a trial of Sort & Smite to get him off your back!,"['2D', 'Casual', 'Short', 'Singleplayer']"
Lokalno,Sariusak,https://sariusak.itch.io/lokalno,2025-04-28T20:57:00Z,,Adventure,Interaktívna zbierka venujúca sa lokálnej histórií digitálnych hier.,"['2D', '3D', 'Pixel Art', 'Retro', 'Text based', 'ZX Spectrum']"
Astral Arcade,ThermiteFe8,https://thermitefe8.itch.io/astral-arcade,2025-04-28T20:56:00Z,,Shooter,Alien Schmup in VR!,['Virtual Reality (VR)']
Narrative-Centered Game,hdeng59,https://hdeng59.itch.io/narrative-centered-game,2025-04-28T20:56:00Z,,Interactive Fiction,,[]
Eating World - Test,Juan IVN,https://juan-ivn.itch.io/eating-world,2025-04-28T20:55:00Z,,Platformer,,[]
Lily (2017),Charlotte Madelon Design,https://charlotte-madelon-design.itch.io/lily,2025-04-28T20:51:00Z,,,Where human anatomy meets the delicate beauty of flowers.,[]
El despertar - 001,TheLastSebas,https://thelastsebas.itch.io/el-despertar,2025-04-28T20:51:00Z,,,,[]
Tagging Hyper,jerrix(surv),https://jerrixsurv.itch.io/tagging-hyper,2025-04-28T20:47:00Z,,,this is hyper taggers 2nd game,[]
18 Days Of Silence,tbone_turner,https://tboneturner.itch.io/18-days-of-silence,2025-04-28T20:43:00Z,,Puzzle,The crew is dead. The computer has been wiped. The mission has failed. Can you solve this sci-fi mystery?,"['Detective', 'Mystery', 'Point & Click', 'Sci-fi', 'Space', 'Story Rich']"
KnightKnight Ankara Gamejam,efsa dilşat algül,https://efsadilsat.itch.io/knightknight,2025-04-28T20:43:00Z,,,,[]
Anatomical Venus (2019),Charlotte Madelon Design,https://charlotte-madelon-design.itch.io/anatomical-venus,2025-04-28T20:42:00Z,,Simulation,An early exploration of dissection mechanics.,[]
[Kickstarter Project Preview Files] Sanctuary : A World of Magic and Machinery,Kavzekenza,https://kavzekenza.itch.io/kickstarter-project-preview-files-sanctuary-a-world-of-magic-and-machinery,2025-04-28T20:41:00Z,,,,"['Dungeons & Dragons', 'Fantasy', 'Steampunk', 'Tabletop role-playing game']"
_blank,Last Night Dreams,https://lastnightdreams.itch.io/blank,2025-04-22T18:19:00Z,,Visual Novel,An artificial love story between self and reality.,"['Dark', 'Fantasy', 'LGBTQIA', 'Multiple Endings', 'Sci-fi', 'Space']"
Cowboy Cat,JiNico,https://jinico.itch.io/cowboy-cat,2025-04-28T20:39:00Z,,Interactive Fiction,yeehaw (but with cats),"['Cats', 'Western']"
Sokobun,oogulous,https://oogulous.itch.io/sokobun,,,Puzzle,A box pushing puzzle game,[]
You Monster!,gocleau,https://gocleau.itch.io/you-monster,2025-04-28T20:38:00Z,,,Infinite Runner,[]
PixelFantasy,lenny-E,https://lenny-e.itch.io/pixelfantasy,2025-04-28T20:36:00Z,,Action,,"['2D', 'Pixel Art']"
Spot The Perp,bit_shifter,https://bit-shifter.itch.io/spot-the-perp,2025-04-28T20:34:00Z,,Puzzle,Can you spot the perp before time runs out?,"['Casual', 'Detective', 'Fast-Paced', 'Mouse only', 'Short']"
Maturitní Práce 2025,MartinPaces,https://martinpaces.itch.io/maturitni-prace-2025,2025-04-28T20:31:00Z,,Shooter,2D Static Shooter hra dělaná v Unity jako maturitní práce.,[]
Are You Alone?,kvikso,https://kviks.itch.io/areyoualone,2025-04-28T20:31:00Z,,Adventure,psx horror,"['3D', 'Atmospheric', 'Creepy', 'First-Person', 'Horror', 'PSX (PlayStation)', 'Retro', 'Short', 'Singleplayer']"
Hero Vs Aliens,yassinahmed1712,https://yassinahmed1712.itch.io/hero-vs-aliens,2025-04-28T20:26:00Z,,Shooter,,"['2D', 'Sci-fi', 'Singleplayer']"
SpOoKy SpAce HOrrOr,BlechmanShy,https://blechmanshy.itch.io/spooky-space-horror,2025-04-28T20:26:00Z,,,,[]
BounceBall 2,Le_Carri,https://le-carri.itch.io/bounceball-2,2025-04-28T20:23:00Z,,,,"['2D', 'Arcade', 'Ludum Dare 57', 'Pixel Art', 'Retro', 'Short', 'Sprites', 'Unity']"
Retro-Ball,Syndex7,https://syndex7.itch.io/retro-ball,2025-04-28T20:22:00Z,,Platformer,Retro-themed ball platformer game.,"['3D', '3D Platformer', 'No AI', 'Retro', 'Short', 'Singleplayer']"
Time Warp Tickers Remake,Voxelvoid,https://voxelvoid.itch.io/time-warp-tickers-remake,2025-04-28T20:20:00Z,,Platformer,,"['2D', 'Colorful', 'Fangame', 'NES (Nintendo Entertainment System)', 'Pixel Art', 'Remake', 'Retro', 'Short', 'Singleplayer', 'Unity']"
Our Own Light,dogpendev,https://dogpendev.itch.io/our-own-light,2025-04-28T20:20:00Z,,,,['Horror']
Greedy Rogues,Spheniac,https://spheniac.itch.io/greedy-rogues,2025-04-28T20:20:00Z,,,A party game with rogue like elements!,"['Dungeon Crawler', 'Local multiplayer', 'party-game', 'Roguelike']"
Rusty's Journey,thmschn99,https://thmschn99.itch.io/rustys-journey,2025-04-28T20:19:00Z,,,AET 312,[]
riches under the surface,bobman3000,https://bobman3000.itch.io/riches-under-the-surface,2025-04-28T20:16:00Z,1€,,mine in a underwater cave,[]
Lone Replica,J.D.,https://sgjd01.itch.io/lone-replica,2025-04-28T20:16:00Z,,,A short 2 player co-op experience,[]
Marble Mayhem!,Drewopolis,https://drewopolis.itch.io/marble-mayhem,2025-04-28T20:15:00Z,,Platformer,The ultimate marble game!,[]
Pito 2: train to squidland,serendipito,https://serendipito.itch.io/pito-2-train-to-squidland,2025-04-28T20:14:00Z,,Action,,[]
Gerard Cat,Gerard Games,https://gerardmartinus.itch.io/gerard-cat,2025-04-28T20:10:00Z,,,,[]
Run Away,mathieuytbstudio,https://mathieuytbstudio.itch.io/run-away,2025-04-28T20:10:00Z,,Adventure,,"['Horror', 'Unreal Engine']"
Halftime Adventures - Prologue,BigBoot,https://bigboot.itch.io/halftime-adventures-prologue,2025-04-28T20:10:00Z,,Action,"Fling spells, improve your equipment, fight tons of enemies as you explore a tiny world","['Fantasy', 'Roguelike', 'Survivor-like']"
Basic PET Scanner Simulation,Spacepiano Games,https://spacepiano.itch.io/basic-pet-scanner-simulation,2025-04-28T20:10:00Z,,Simulation,Designed for use in conjunction with a presentation,[]
GravityBall,Jladabaoth,https://jladabaoth.itch.io/gravityball,2025-04-28T20:07:00Z,,,Control the ball and lead it to the green box,[]
Sharpshooter,SVNL1NX,https://svnl1nx.itch.io/sharpshooter,2025-04-28T20:06:00Z,,Action,,"['Fast-Paced', 'FPS']"
EcoQuest,Davippp,https://davippp.itch.io/ecoquest,2025-04-28T20:05:00Z,,Adventure,,"['2D', 'Ludum Dare 57', 'Short']"
Phonetic Adventures,ljroberts,https://ljroberts.itch.io/phonetic-adventures,2025-04-28T20:02:00Z,,Educational,,[]
banned by crashout,CRASHOUTdev,https://crashoutdev.itch.io/test,2025-04-28T20:00:00Z,,,,[]
Newcomers,Qi,https://issci.itch.io/newcomers,2025-04-28T19:59:00Z,,,,[]
Digging a Hole,Rickski323,https://rickski323.itch.io/digging-a-hole,2025-04-28T19:58:00Z,,Adventure,Digging a Hole for the fun of it!,[]
President Spacebar,KyleKun,https://kylekun.itch.io/president-spacebar,2025-04-28T19:54:00Z,,Interactive Fiction,A short game made for Flame Jam 2025,[]
Five nights at Treasure island scratch port,DavidplaysXgames,https://davidplaysxgames.itch.io/five-nights-at-treasure-island-scratch-port,2025-04-28T19:52:00Z,,Survival,,[]
Seeker of the Orb,fsi,https://fsi.itch.io/seeker-of-the-orb,2025-04-28T19:52:00Z,,Adventure,,['Bitsy']
Jamper Camper,Gemelli23,https://gemelli23.itch.io/jamper-camper,2025-04-28T19:48:00Z,,Role Playing,"A bastard offspring from Skyrealms of Jorune, exploring awkward teenage angst and weird language.",[]
Trampolinko,mr_hekler,https://mr-hekler.itch.io/trampolinko,2025-04-28T19:48:00Z,,Action,Trampolines meet Plinko,"['2D', 'Arcade', 'Casual', 'Godot']"
Night Talon,Gizemzb,https://gizemzb.itch.io/night-talon,2025-04-28T19:47:00Z,,,Game a Week 4th game. Theme: Hotseat Multiplayer,[]
Mirror Masses Millennia,SeaCabel,https://seacabel.itch.io/mmm,2025-04-28T19:45:00Z,,,"A haiku generator about me, you, and the universe","['Casual', 'chill', 'Generator', 'haiku', 'poetry', 'Short']"
Dev Click Master,Jorge Gabriel,https://jorgegrg.itch.io/dev-click-master,2025-04-28T19:45:00Z,,Simulation,"Click, earn DevCoins, upgrade skills, and automate to become a coding master!","['Casual', 'Clicker', 'upgrades']"
newspaperongan,ongan,https://ongan.itch.io/newspaperongan,2025-04-28T19:42:00Z,,,,[]
miso-video-juego,Margarita-forex,https://margarita-forex.itch.io/miso-video-juego,2025-04-28T19:41:00Z,,Action,,[]
CyberSpace Defender,ZanttuDX,https://zanttudx.itch.io/cyberspace-defender,2025-04-28T19:36:00Z,,Shooter,Welcome to the CyberSpace Defender Program!,"['Arena Shooter', 'Fast-Paced', 'Movement Shooter', 'Retro']"
Coin Catcher,TheMoulix,https://themoulix.itch.io/coin-catcher,2025-04-28T19:35:00Z,,Adventure,You are in the role of a coin catcher.,"['2D', '8-Bit', 'Atmospheric', 'Funny', 'Indie', 'Pixel Art', 'Sprites', 'Top-Down', 'Unity']"
Bird's First Test,melomui,https://melomui.itch.io/birds-first-test,2025-04-28T19:28:00Z,,Strategy,,[]
Attraction Island Console Quest,afonsky,https://afonsky.itch.io/attraction-quest,2025-04-28T19:27:00Z,,,,"['Text based', 'text-quest']"
Miasma,E3-1000,https://e3-1000.itch.io/miasma,2025-04-28T19:27:00Z,,Survival,"Secure, Sprint, and Survive in the spaceship of nightmares","['Horror', 'Space']"
Renegade 404,Metalics,https://metalics.itch.io/renegade-404,2025-04-28T19:27:00Z,,Platformer,A speedrunning platformer about target practice.,"['Pixel Art', 'Singleplayer']"
Snekburd,Werxzy,https://werxzy.itch.io/snekburd,2025-04-28T19:26:00Z,,Puzzle,A Snakebird demake made in Pico-8,"['No AI', 'PICO-8', 'Pixel Art', 'Sokoban']"
Libunrian,Tobekko,https://tobekko.itch.io/libunrian,2025-04-28T19:26:00Z,,Action,A game for the discmaster gamejam!,[]
a sonnet of the dreamer,Treyatem,https://treyatem.itch.io/a-sonnet-of-the-dreamer,2025-04-28T19:25:00Z,,,is there a way out in the path down the way out of the way on the path down,[]
Hardwired Demo,Lostbyte,https://lostbyte.itch.io/hardwired,2025-04-28T19:23:00Z,,Simulation,Hack into networks and unravel story a set in a cyberpunk world through command-line interfaces.,"['3D', 'Cyberpunk', 'First-Person', 'Hacking', 'Sci-fi', 'Story Rich', 'Unity']"
Grow your business 3 Beta,Heartbeatgs,https://heartbeatgs.itch.io/grow-your-business-3-beta,2025-04-28T19:23:00Z,,Adventure,,[]
Satellites,CloakedCoder,https://cloakedcoder.itch.io/sateflies,2025-04-28T19:21:00Z,,Shooter,Smash Earth's satellites to pieces!,"['2D', 'flutter-flame', 'Global Game Jam', 'Physics', 'Space']"
The Denominator (Early Proof of Concept),dimatteo,https://dimatteo.itch.io/denominator,2025-04-28T19:18:00Z,,Platformer,Use division to defeat enemies in this experimental platformer,"['division', 'Experimental', 'Math']"
Roots,Akutana,https://akutana.itch.io/roots,2025-04-28T19:17:00Z,,Strategy,,['nature']
Unreal SCP 087,saganhawkes,https://saganhawkes.itch.io/unreal-scp-087,2025-04-28T19:16:00Z,,Adventure,,['Horror']
Evolution X: Beyond Human,Hairy Goblin,https://hairy-goblin.itch.io/evolution-x-beyond-human,2025-04-28T19:15:00Z,,Action,First Person Brawler,"['3D', 'Aliens', 'First-Person', 'Sci-fi', 'Short', 'Singleplayer', 'Space', 'Unreal Engine']"
Develop skillsDevelop skills-01-,Debelle,https://debelle.itch.io/develop-skillsdevelop-skills,2025-04-28T19:14:00Z,R$1,Adventure,For children to develop skills,[]
Cakey's Twisted Bakery,TinyMindz,https://tinymindzofficial.itch.io/cakeys-twisted-bakery,2025-04-18T12:59:00Z,,Action,It's bake or die at Cakey's Bakery!,"['cakey', 'cakeys-twisted-bakery', 'Cooking', 'Horror', 'horror-game', 'mascot-horror', 'Monsters', 'Spooky', 'Thriller']"
Ball Fighters,Paranoid Studios,https://paranoidstudios.itch.io/ball-fighters,2025-04-28T19:13:00Z,,Survival,,"['2D', 'Pixel Art']"
Portal Rush,SovietSpy420,https://sovietspy420.itch.io/portal-rush,2025-04-28T19:12:00Z,,Platformer,,[]
Where Will You End Up?,annaec9299,https://annaec9299.itch.io/where-will-you-end-up,2025-04-28T19:10:00Z,,,,[]
WOJTEK SPRUNKIE 2000,Wojtek_S,https://wojtek-s.itch.io/wojtek-sprunkie-2000,2025-04-28T19:09:00Z,,,,[]
TNT: Grand End,jubori,https://juborigames.itch.io/tnt-grand-end,,,Platformer,Chegue ao final do Grand End com habilidades que só TNT pode proporcionar!,[]
StreetBall,Stéfani Diniz,https://sdgamedeveloper.itch.io/street-ball,2025-04-28T19:08:00Z,,,Game about street basketball,"['2D', 'Basketball', 'Pixel Art']"
scientificcalculatorongan,ongan,https://ongan.itch.io/scientificcalculatorongan,2025-04-28T19:07:00Z,$1,,,[]
Button Game,Aura Game Developer,https://aura-game-developer.itch.io/button-game,2025-04-28T18:25:00Z,,,Press the button the highest number of times to get the best high score.,[]
Nighty Night,dogpendev,https://dogpendev.itch.io/nighty-night,2025-04-28T18:24:00Z,,Adventure,,['Horror']
COOL Bean Platforms,Ghost_Wolfox,https://ghost-wolfox.itch.io/cool-bean-platforms1,2025-04-28T18:24:00Z,,,Bean platform,[]
Postal Express,kimng4n,https://kimng4n.itch.io/postal-express,2025-04-28T18:22:00Z,,Platformer,2D Obstacle Course Project made in AET Games and Interactivity,"['2D', 'city', 'mail', 'obstacles', 'Pixel Art', 'postal']"
Escape From Byng,Zizhuo08,https://zizhuo08.itch.io/escape-from-byng,2025-04-28T18:21:00Z,,Adventure,The night does not belong to us.,"['3D', 'Escape Game', 'First-Person', 'Indie', 'school', 'Short', 'Singleplayer', 'Unity']"
Punk Deliveries,lindseyyucha,https://lindseyyucha.itch.io/punk-deliveries,2025-04-28T18:16:00Z,,Action,,[]
PicoMaker (prototype),otizqn,https://otizqn.itch.io/picomaker,2025-04-28T18:16:00Z,,Platformer,Sandbox Platformer where make and share you own Levels.,"['2D', 'Level Editor', 'Pixel Art']"
TIM,Raven Cheong,https://raven-cheong.itch.io/tim,2025-04-28T18:14:00Z,,Puzzle,TIM - The Infiltrating Mission,"['Animals', 'Ninja', 'Robots', 'Sci-fi']"
Squink Inc.,Sina,https://sinalater.itch.io/squink-inc,2025-04-28T18:11:00Z,,Action,"An endless, bullet-hell game.","['2D', 'Arcade', 'Bullet Hell', 'Endless', 'High Score', 'No AI', 'Pixel Art', 'Singleplayer', 'underwater', 'upgrades']"
HardBuggy,Dadja,https://dadja.itch.io/hardbuggy,2025-04-28T18:10:00Z,,Platformer,,"['2D', 'Indie', 'Pixel Art', 'Retro', 'Short', 'Singleplayer', 'Space']"
Can't understand the feelings of others!,ragexxxx,https://ragexxxx.itch.io/cufo,2025-04-28T18:06:00Z,,Visual Novel,"Novel game about love and something else, including observation parts","['Fantasy', 'Multiple Endings', 'Romance', 'Violent']"
MI103-Project3,77778888hahaha,https://77778888hahaha.itch.io/mi103-project3,2025-04-28T18:03:00Z,,,,[]
The Silence: Awakening of Devourer,Mini GS,https://mini-gs.itch.io/the-silence-awakening-of-devourer,2025-04-28T18:03:00Z,,Action,,"['3D', 'Atmospheric', 'Horror', 'Singleplayer']"
Escape from Tung Tung Sahur,Taco Studios,https://tacostudiosgames.itch.io/escape-from-tung-tung-sahur,2025-04-28T17:55:00Z,$1,Survival,"Save the poor, caged Brainrot animals that the terrifying Tung Tung Sahur has locked up","['bombardinocrocodilo', 'brainrot', 'italianbrainrot', 'lirililarila', 'Meme', 'sahur', 'trallallero', 'tung', 'viral']"
Prototype Dark requiem,miwaky,https://miwaky.itch.io/prototype-dark-requiem,2025-04-28T17:48:00Z,,Adventure,"A turn-based Zelda-like RPG with exploration, dungeons, battles, and puzzles.","['2D', 'Prototype', 'Singleplayer', 'Top-Down', 'Top Down Adventure', 'Turn-based', 'zelda-like']"
Old Tag City,IcycleVR,https://icyclevr.itch.io/old-tag-city-release,2025-04-28T17:48:00Z,,,,[]
Albrecht/Fall,DiegoFreeman,https://diegofreeman.itch.io/albrechtfall,2025-04-28T17:47:00Z,,Visual Novel,Тыловая полиция повстречала мародера на поле...,[]
Desert Escape,Tomas-Lefebvre,https://tomas-lefebvre.itch.io/desert-escape,2025-04-28T17:47:00Z,,Action,,['3D']
Kow's space,aughckt,https://aughckt.itch.io/kows-space,2025-04-28T17:40:00Z,,Platformer,Experimental one-button platformer,"['Experimental', 'one-button']"
Rise Of The Fallen,casiwashere,https://casiwashere.itch.io/rise-of-the-fallen,2025-04-28T17:37:00Z,,Platformer,2D Platformer Jump n Run,"['2D', 'Exploration', 'Indie', 'jumping', 'No AI', 'Runner', 'Short', 'Speedrun', 'Sprites', 'Unity']"
People paper,limaotanuki,https://limaotanuki.itch.io/people-paper,2025-04-28T17:32:00Z,,Interactive Fiction,在一片荒芜中，你捡到了一本关于“什么是人类”的教科书。,[]
Aether Veil,kyleefriederichs,https://kyleefriederichs.itch.io/aether-veil,2025-04-28T17:23:00Z,,Action,,"['2D', 'Metroidvania', 'Souls-like']"
Eights,Moose At Play,https://mooseatplay.itch.io/eights,2025-04-28T17:19:00Z,,Puzzle,A 2048 clone in the style of the game 2048 cloned,[]
Saving the Meadows-Twine,PenielLearning,https://peniellearning.itch.io/saving-the-meadows-twine,2025-04-28T17:19:00Z,,Interactive Fiction,Explore the challenges and beauty of sustainable farming near the Wadden Sea in Friesland!,[]
crazysog3d,cv,https://cvlol.itch.io/crazysog3d,2025-04-28T17:15:00Z,,Fighting,a mod,"['3D', 'crazycattle', 'crazycattle3d', 'Godot', 'Yuri']"
Unremembered,Catanox,https://catanox.itch.io/unremembered,2025-04-28T17:15:00Z,,Card Game,Tile-based card battler,[]
Space miner,fabienBTB,https://fabienbtb.itch.io/space-miner,2025-04-28T17:14:00Z,,Strategy,Gather resources and upgrade your base to build a rocket and leave the planet before it's destroyed.,[]
Protect the grove,Tomas-Lefebvre,https://tomas-lefebvre.itch.io/protect-the-grove,2025-04-28T17:13:00Z,,Strategy,Tower defense,['Singleplayer']
TETRIS,I LiKe PIE,https://spookyplayer.itch.io/tetristhegame,2025-04-28T17:06:00Z,,Puzzle,,"['blocks', 'Colorful', 'Tetris']"
Alien Collector,Sky,https://skymavisgann.itch.io/alien-collector,2025-04-28T17:05:00Z,,Simulation,The Alien Collection simulator,"['2D', 'Aliens', 'Indie', 'mobile', 'No AI', 'Space']"
Echoes of the Void,LordDusk59,https://lorddusk59.itch.io/echoes-of-the-void,2025-04-28T17:04:00Z,,Puzzle,A game where you change between character to collect power,[]
Kirbo!,Tomas-Lefebvre,https://tomas-lefebvre.itch.io/kirbo,2025-04-28T17:02:00Z,,Platformer,Small platformer,['2D']
Mannequin Escape,KevinZijingLiu16,https://kevinzijingliu16.itch.io/mannequin-escape,2025-04-28T16:55:00Z,,Action,"Control a mannequin escape from a room with enemies, with exact number of item collected in a certain time",[]
You are a superstar!,Kiliehuckleby,https://kiliehuckleby.itch.io/you-are-a-superstar,2025-04-28T16:55:00Z,,,,[]
Spooky Ape,garchan,https://garchan.itch.io/spooky-ape,2025-04-28T16:52:00Z,,Survival,Spooky Ape - it's just a horror game bruh,['Horror']
Car Chase,Gummigrodan,https://gummigrodan.itch.io/car-chase,2025-04-28T16:52:00Z,,Racing,My first game in unity,['Pixel Art']
Plumage,Rimatie,https://rimatie.itch.io/plumage,2025-04-28T16:51:00Z,,,,[]
Defenders of Faemere,Esposito Franco,https://esposito-franco.itch.io/defenders-of-faemere,2025-04-28T16:49:00Z,,Shooter,Juego creado para el Parcial  de Programacion 2.,"['2D', 'Short']"
Aura Farmer,GameMakingMaker,https://gamemakingmaker.itch.io/aura-farmer,2025-04-28T16:38:00Z,,Rhythm,Dæven,['Clicker']
Project shelly,domo123yt,https://domo123yt.itch.io/pshelly,2025-04-28T16:37:00Z,,,this game is made by domo this is very fun and subscribe to domofrfr123 for a shoutout!,[]
Claustromania,Pixelartus,https://pixelartus.itch.io/claustromania,2025-04-28T16:37:00Z,$2.99,Strategy,,"['Exploration', 'Indie', 'Minimalist', 'Short', 'Singleplayer']"
GorillaSenseTag,lukey25,https://lukey25.itch.io/gorillasensetag,2025-04-28T16:37:00Z,,Simulation,,[]
Cosmic Collector,nertz1,https://nertz1.itch.io/cosmic-collector,2025-04-28T16:34:00Z,,,Embark on a journey among the stars,"['Casual', 'Clicker']"
Everything is Fine,Tri-Tech Video Game Design,https://ttvideogamedesign.itch.io/everything-is-fine,2025-04-28T16:33:00Z,,Visual Novel,A Short not so sweet visual novel with twists and a messed up story about a boy going through tragety.,[]
Chefs Redemption,Tappy Labs,https://tappy-labs.itch.io/chefs-redemption,2025-04-28T16:25:00Z,,,A storydriven clicker game,"['Clicker', 'storygame']"
Podown,NOCTIS REQUIEM,https://noctis-requiem.itch.io/podown,2025-04-28T16:21:00Z,,Puzzle,,[]
Blue Wizard Adventure,EricManson,https://ericmanson.itch.io/bluewizardadventure,2025-04-28T16:18:00Z,,Adventure,Help the Blue Wizard collect gems and save the world of magic!,"['2D', 'Casual', 'Cute', 'Fantasy', 'Retro', 'Wizards']"
CYD builder,WulfGs,https://wulfgs.itch.io/cyd-crafter,,,Strategy,collect and build a path to the goal,[]
Antfarm,AzureOtter,https://azureotter.itch.io/antfarm,2025-04-28T16:15:00Z,,Action,TBD,"['Hand-drawn', 'No AI', 'Roguelike', 'Top down shooter']"
Happy World,DaRealShadez,https://dareaishadez.itch.io/happy-world,2025-04-28T16:13:00Z,,Simulation,,"['3D', 'Creepy', 'Horror', 'No AI', 'PSX (PlayStation)', 'Retro', 'Short', 'Unity', 'weird']"
Project Airplane,Eldarduil,https://eldarduil.itch.io/project-airplane,2025-04-28T16:12:00Z,,Simulation,A test game,"['airplane', 'gdevelop', 'plane']"
No Time To Stop,Blennz Fire,https://blennz-fire.itch.io/no-time-to-stop,,,Platformer,This is a short little platformer game.,[]
Don't drink the soup.,Klmax,https://klmax.itch.io/dont-drink-the-soup,2025-04-28T16:09:00Z,,Interactive Fiction,"whatever you do, do not drink it.",[]
Wander Deep,WroughtByJosh,https://wroughtbyjosh.itch.io/wander-deep,2025-04-28T16:09:00Z,,,"Unlock the Door, Evade the Monster, and Escape the Dungeon.","['Atmospheric', 'Creepy', 'Dark', 'Exploration', 'First-Person', 'Horror', 'Procedural Generation', 'Psychological Horror', 'Short', 'Walking simulator']"
Grim Gamble,UnitedCoder,https://unitedcoder.itch.io/grimgamble,2025-04-28T16:07:00Z,,Educational,It is a game where you gamble your souls with the Grim Reaper.,"['gamble', 'lame-jam']"
(Hero_us_Aliens) 1,ah2013med essam x,https://ah2013med-essam-x.itch.io/hero,2025-04-28T16:07:00Z,,Action,Heroes-X- Aliens,"['2D', 'Sci-fi', 'Singleplayer']"
Rocketman and the Lost Pages,prakashph,https://prakashph.itch.io/rocketman-and-the-lost-pages,2025-04-28T16:03:00Z,,Action,Help Rocketman rescue the lost pages before they get lost in space forever!,"['2D', 'Arcade', 'Difficult', 'Retro', 'Roguelike', 'Singleplayer']"
Flightless,okjane,https://okjane.itch.io/flightless,2025-04-28T16:01:00Z,,Educational,,[]
Last Harvest,Chasing  imagined,https://chasing-imagined.itch.io/last-harvest,2025-04-28T16:01:00Z,,Action,,"['2D', 'ankara-game-jam25', 'Farming', 'Isometric']"
Just Blocks: The Spiky Void,PSA Game Devs,https://psa-game-devs.itch.io/just-blocks,2025-04-28T16:00:00Z,,Platformer,by Lebo Mathikga,"['2D', 'Pixel Art', 'Short', 'Singleplayer']"
Lighting Taggers,xerg is the king,https://xerg-is-the-king.itch.io/lighting-taggers,2025-04-28T15:58:00Z,,,,[]
Cozy Hex: Delivery,KotCool,https://kotcool.itch.io/cozy-hex-delivery,2025-04-28T15:57:00Z,,Puzzle,"Explore, craft, and deliver across cozy hexes","['browser-games', 'Cartoon', 'Casual', 'Roguelike', 'Singleplayer', 'Unity']"
Magnetized,AwsmeAnthony,https://awsmeanthony.itch.io/magnetized,2025-04-28T15:56:00Z,,,,[]
Color changing toilet game,Ian's python games,https://ians-crappy-python-games.itch.io/color-changing-toilet-game,2025-04-28T15:54:00Z,,Simulation,A simple python game made for my friend Gavin. You still need the IDLE shell to run this.,"['Clicker', 'No AI']"
L-System Generator,LombardiDelavega,https://lombardidelavega.itch.io/l-system,2025-04-28T15:51:00Z,,,"Procedural plant and fractal : Create, visualize, and experiment with L-Systems in 3D.","['Experimental', 'nature', 'Procedural Generation']"
CAT Z Dark DnB,HawkStudioOfficial,https://hawkstudioofficial.itch.io/cat-z-dark-db,2025-04-28T15:48:00Z,,Rhythm,The dark music mixing game from CAT Z series!,"['cat-z', 'Dark', 'dnb', 'Horror', 'Incredibox', 'mixing', 'Music', 'Point & Click', 'Relaxing', 'Sprunki']"
One vs World,jer1ko,https://jer1ko.itch.io/one-vs-world,2025-04-28T15:48:00Z,,Action,"A shooting game with roguelike elements. Defend yourself from the waves in the monster room, choose a power-up to fight.","['Godot', 'Roguelike', 'Space', 'Top down shooter']"
honkhonk,ripriprip,https://ripriprip.itch.io/honkhonk,2025-04-28T15:48:00Z,,Adventure,Doggo per Anhalter durch die Wüste - S01E05,"['Cute', 'Exploration', 'Funny', 'Indie', 'No AI', 'Pixel Art', 'Relaxing', 'Roadtrip', 'Short']"
SPRUNKED PHASE 3 DEMO,memerguy,https://memeguyonyt.itch.io/sprunked-phase-3-demo,2025-04-28T15:46:00Z,,,what the fuck,"['phase3', 'Sprunki']"
Hypernetwork,MrKral2020,https://mrkral2020.itch.io/hypernetwork,2025-04-28T15:45:00Z,,Simulation,,"['Horror', 'Sci-fi', 'Singleplayer']"
Space Time Oddity,lgjenero,https://lgjenero.itch.io/space-time-oddity,2025-04-28T15:44:00Z,,,One Rocket. Three Lanes. Infinite Adventure.,"['Casual', 'Retro', 'Space']"
Cat named Vincas,mantasarm,https://mantasarm.itch.io/cat-named-vincas,2025-04-28T15:40:00Z,,Platformer,"Lithuanian ""Jump King"" style game where you help a cat get to the roof","['2D', 'Drawing']"
Powerup Tron,tamasmartinec,https://tamasmartinec.itch.io/powerup-tron,2025-04-28T15:39:00Z,,Action,A simple 3D snake game inspired by the light cycles from film Tron. Can you unlock all powerups?,"['3D', 'GitHub', 'Retro', 'Third Person']"
Tomcat's Adventures,Tjufemman,https://tjufemman.itch.io/tomcats-adventures,2025-04-28T15:38:00Z,,,Tung tung tung sahur vs brr brr patapim,[]
Lucid Nightmares,Arti_Creep,https://arti-creep.itch.io/lucidnightmares,2025-04-28T15:35:00Z,,Platformer,A telekinetic puzzle-platformer - use your mind to control the world around you.,['Puzzle-Platformer']
The Year of MAGS,OneDollarProductions,https://onedollarproductions.itch.io/the-year-of-mags,2025-04-28T15:33:00Z,,Simulation,A monthly game jam game about making monthly game jam games,"['adventure-game-studio', 'mags', 'Management', 'No AI', 'Point & Click']"
Out of the Dark,velena nyx,https://velena-nyx.itch.io/out-of-the-dark,2025-04-28T15:32:00Z,,Interactive Fiction,"You wake up after a vivid nightmare with almost no memories, except those of a dream you've just had.","['choicescript', 'Fantasy', 'Meaningful Choices', 'Romance', 'Text based']"
Cursor Survival,cpufi,https://cpufi.itch.io/cursor-survival,2025-04-28T15:30:00Z,,Survival,my first actual game,"['2D', 'Mouse only']"
Pinky Kong,meosjin,https://meosjin.itch.io/pinky-kong,,,Action,,[]
SPARK,Official Itch.io,https://official-itchio.itch.io/spark,2025-04-28T15:27:00Z,,Platformer,the cops are comin',"['3D', 'Fast-Paced', 'Retro', 'Runner', 'spark', 'Speedrun', 'Unity', 'y2k']"
Shanfle,Silvester79,https://silvester79.itch.io/shanfle,2025-04-28T15:26:00Z,,Card Game,"Play cards, uncover secrets, manage your chips. Every round is a new chance... or a new mystery.","['Roguelike', 'Roguelite']"
Blue Wizard Adventure,EricManson,https://ericmanson.itch.io/blue-wizzard,2025-04-28T15:24:00Z,,Action,"A fast-paced platformer where you collect gems, dodge obstacles, and save the magical world — before it’s too late!","['2D', 'Action-Adventure', 'Cute', 'Fantasy', 'Retro', 'Sprites', 'Wizards']"
Red Ocelot,zeyus,https://zeyus.itch.io/red-ocelot,2025-04-28T15:19:00Z,,Shooter,Race to reclaim your space,"['Lo-fi', 'Space', 'Touch-Friendly']"
Null Paradox,Toxxyn,https://toxxyn.itch.io/null-paradox,2025-04-28T15:19:00Z,$0,Action,Not everything can be explained...,"['Creepy', 'Horror', 'psychedelic', 'Psychological Horror', 'Short', 'Surreal']"
3d RPG Game,ashleychin,https://ashleychin.itch.io/3d-rpg-game,2025-04-28T15:18:00Z,,Action,,[]
PROELIUM,Qwein Games,https://qwein.itch.io/proeliuminvasion,2025-04-28T15:18:00Z,6€,Role Playing,Scifi space opera role playing game,"['old-style', 'qwein', 'qwein-games', 'Sci-fi', 'scifi']"
The Weight of the Ocean,Golden_Mango,https://golden-mango.itch.io/the-weight-of-the-ocean,2025-04-28T15:13:00Z,,Puzzle,Confront imposter syndrome undersea—where expertise weighs heavy and self-doubt runs deep.,"['Narrative', 'Pixel Art', 'Short', 'Singleplayer', 'storygame']"
My Eternal Lily,Devil (Fabio Ferro),https://devilmaydev.itch.io/my-eternal-lily,2025-04-28T15:13:00Z,,Visual Novel,,"['2D', 'LGBT', 'LGBTQIA', 'Romance']"
Objection: 1692,BlueDolphin16,https://bluedolphin16.itch.io/objection-1692,2025-04-28T15:10:00Z,,Visual Novel,Discover the secrets of a town embroiled in accusations of witches and witchcraft,['2D']
Paranormal Snap Shot,SirNewtz,https://sirnewtz.itch.io/paranormal-snap-shot,2025-04-28T15:06:00Z,$4,,"Trapped in an endless looping school, can you find your way out by photographing all of the anomalies?","['anomaly', 'exit-8', 'First-Person', 'Horror', 'Indie', 'paranormal', 'paranormal-snap-shot', 'photography', 'Unreal Engine']"
Hell Mary Protocol,GFournier,https://gfournier.itch.io/hell-mary-protocol,2025-04-28T15:03:00Z,,Platformer,,['2D']
X-COMP: Planet Reclamation,rarfar,https://rarfar.itch.io/x-comp-planet-reclamation,2025-04-28T15:01:00Z,,Strategy,McGill COMP361 Final Project - Our take on the 1994 Classic X-COM: Alien Defense,[]
Flappy Bird (Built in Godot),ToniBoi,https://toniboi737.itch.io/flappy-birdbuilt-in-godot,2025-04-28T14:58:00Z,,Platformer,,"['Flappy Bird', 'Godot']"
Shoot The Messenger,Keating321,https://keating321.itch.io/shoot-the-messenger,2025-04-28T14:51:00Z,,Adventure,,[]
Выжить на семейном ужине,AnnaKato,https://annakato.itch.io/survive-the-family-dinner,2025-04-28T14:50:00Z,,Role Playing,Ты приезжаешь домой и оказываешься на семейном ужине.,"['Meaningful Choices', 'Pixel Art', 'Text based']"
Sprunki phase 3 reupload,Ihavesprunk123,https://ihavesprunk123.itch.io/sprunki-phase-3-reuploaded,2025-04-28T14:50:00Z,,Rhythm,I did not make the game,[]
game slice - 'comet',ndrxsee,https://ndrxsee.itch.io/comet,2025-04-28T14:48:00Z,,,unfinished,[]
Error 404: Still working,PixelNodesStudio,https://pixelnodesstudio.itch.io/error-404-still-working,2025-04-28T14:44:00Z,,Simulation,Get the job done on a buggy PC.,"['3D', 'Funny', 'Retro']"
Pixels of the Past: Borderlands: The Pre-Sequel Edition,ProPalmer,https://propalmer.itch.io/potpborderlandsthepre-sequel-edition,2025-04-28T14:43:00Z,,Platformer,Jump Into Australia's Gaming Legacy and Collect Fun Facts,"['12126', '2025', 'borderlandsthepre-sequel', 'gdevelop', 'homage', 'Pixel Art', 'potp', 'uc']"
Sea Invaders,sgema,https://sgema.itch.io/sea-invaders,2025-04-28T14:43:00Z,,Action,A fun piratey take on the original Space Invaders.,"['2D', 'Indie', 'Monsters', 'Pixel Art', 'Retro', 'Singleplayer', 'underwater', 'Unity']"
loliman666666.EXE 3!!,loliman99999,https://loliman99999.itch.io/loliman99999exe-3,2025-04-28T14:35:00Z,,,,"['2D', 'Creepy', 'creepypasta', 'exe', 'Funny', 'Horror', 'shitpost', 'Singleplayer', 'sonicexe']"
SG Logistics,LyueTech,https://lyuetech.itch.io/sg-logistics,2025-04-28T14:32:00Z,,Simulation,3d Box Physics Simulator,"['3D', 'Brain Training', 'Casual', 'Colorful', 'High Score', 'Indie', 'Low-poly', 'Physics', 'Unity']"
2D Shooter Final,AlyssaEDU17,https://alyssaedu17.itch.io/2d-shooter-final,2025-04-28T14:31:00Z,,,,[]
Backpack Battle System - Inventory Management Unity Asset,Aduci01,https://aduci01.itch.io/backpack-battle-system-inventory-management-unity-asset,2025-04-28T14:26:00Z,,,,[]
The Return of the Alien Zombies 2,Arcker,https://arcker.itch.io/the-return-of-the-alien-zombies-2,2025-04-28T14:15:00Z,,,,[]
snake,TimeEntropy,https://timeentropy.itch.io/snake,2025-04-28T14:15:00Z,,Puzzle,,"['2D', 'Godot', 'Open Source', 'Pixel Art', 'Retro']"
Mushroom Rush.exe,Sneaky_snek202,https://sneaky-snek202.itch.io/mushroom-rushexe,2025-04-28T14:07:00Z,,,Run around my 3D Environment to collect as many mushrooms as possible in 1 minute,[]
ApeRooms,vo!dthegoat,https://vodthegoat.itch.io/aperooms,2025-04-28T14:03:00Z,,,,[]
Bubble Odyssey,Horos,https://horos.itch.io/bubble-odyssey,2025-04-28T14:03:00Z,,Platformer,,"['3D Platformer', 'Aliens', 'Exploration', 'psychedelic', 'Sci-fi', 'Unreal Engine']"
Bubble Odyssey,Horos,https://horos.itch.io/bubble-odyssey,2025-04-28T14:03:00Z,,Platformer,,"['3D Platformer', 'Aliens', 'Exploration', 'psychedelic', 'Sci-fi', 'Unreal Engine']"
Scuffle Pit,Horos,https://horos.itch.io/scuffle-pit,2025-04-28T14:02:00Z,,Action,,"['alien', 'arena', 'Local multiplayer', 'party-game', 'Sci-fi', 'Unreal Engine']"
Rancher Radish,hradza,https://hradza.itch.io/rancher-radish,2025-04-28T14:01:00Z,,Platformer,,"['2D', 'Cute', 'Pixel Art', 'Short', 'Singleplayer']"
Block Pusher,PolygonShiv,https://polygonshiv.itch.io/block-pusher,2025-04-28T14:00:00Z,,Puzzle,"Push blocks, dodge traps, and find your way out!","['2D', 'Pixel Art', 'Short', 'Singleplayer', 'Sokoban']"
Scrawl VR Demo,JQHY,https://jqhy.itch.io/scrawl-vr-demo,2025-04-28T13:56:00Z,,Adventure,VR Dark Fantasy Drawing Game,"['Fantasy', 'Magic', 'Physics', 'Virtual Reality (VR)']"
dice,「 。」,https://314isme.itch.io/dice,2025-04-28T13:55:00Z,,Puzzle,short rolling dice game,"['1-bit', 'Dice', 'Indie', 'Mystery', 'shade']"
Super Smash Stars,Darkwin17,https://darkwin17.itch.io/super-smash-stars,2025-04-28T13:53:00Z,,Fighting,A Super Smash Bros fangame for PC and Android,[]
Drob Infection,Yifey,https://yifey.itch.io/drob-infection,2025-04-28T13:51:00Z,,,"you click the Drobs to make them explode, each round has one more Drob than the last","['Indie', 'Point & Click', 'Singleplayer', 'Top-Down']"
The Ghost Whisperer,real2steve,https://real2steve.itch.io/the-ghost-whisperer,2025-04-28T13:50:00Z,,Interactive Fiction,Where Shadows Speak,"['Fantasy', 'First-Person', 'Multiple Endings', 'Narrative', 'No AI', 'Singleplayer', 'supernatural', 'Voice Acting']"
Archeo Beat,Wunderbunker,https://wunderbunker.itch.io/archeo-beat,2025-04-28T13:49:00Z,,,"Play a little robot as he explore mysterious mechanical ruins, moving  in rythm of a strange melody","['2D', 'Indie', 'Music', 'Procedural Generation', 'Robots', 'Short']"
Miyao's Repayment,genzyutuelf,https://genzyutuelf.itch.io/miyaos-repayment,2025-04-28T13:45:00Z,,Visual Novel,"A love story with a brother who has 100% attack power, 100% sweetness, and 0% defense power.","['long-haired-brother', 'No AI', 'otome-games', 'Romance', 'Short']"
Fang Town demo,Victor Negreiro,https://estivador.itch.io/fang-town-demo,2025-04-28T13:43:00Z,,Action,,"['2D', 'Godot', 'ink', 'No AI']"
Doodie-Moodie,tirkagames,https://tirkagames.itch.io/doodie-moodie,2025-04-28T13:42:00Z,,Puzzle,Doodie-moodie,"['2D', 'Cute', 'No AI', 'Retro']"
Invasive Aliens,Bupio,https://bupio.itch.io/invasivealiens,2025-04-28T13:35:00Z,,Shooter,Protect a planet from an invasive species,"['2D', 'Pixel Art', 'Roguelite', 'Singleplayer', 'Unity']"
cre made vr,imaastudio,https://imaastudio.itch.io/cre-made-vr,2025-04-28T13:27:00Z,,Survival,cr,"['Horror', 'Indie', 'Multiplayer']"
MONKE MONK TAG OFFICIAL,fielieshond,https://fielieshond.itch.io/monke-monk-tag,2025-04-28T13:25:00Z,,,,[]
Godot Adventure Essentials,Ludonauta,https://ludonauta.itch.io/godot-adventure-essentials,2025-04-28T13:24:00Z,,Adventure,"A crash course about creating quests, dialogues, and interactive adventures in Godot 4","['flat-shading', 'Space', 'Top Down Adventure', 'Top down shooter']"
4h runner,Elliot Nedellec,https://elliot-nedellec.itch.io/4h-runner,2025-04-28T13:23:00Z,,,,[]
Project Elementa,Spikey28,https://spikey28.itch.io/project-elementa,2025-04-28T13:22:00Z,,Role Playing,,"['Pixel Art', 'Singleplayer', 'Turn-Based Combat']"
CVE Sweeper,herodevs,https://herodevs.itch.io/cvesweeper,2025-04-28T13:21:00Z,,Puzzle,Flag the vulnerabilities and save the day!,[]
Undefined Game Pack Demo,UndefinedT,https://undefinedt.itch.io/undefined-game-pack-demo,2025-04-28T13:20:00Z,,Adventure,"Free demo of the Undefined Game Pack, includes 4 full free games!","['Indie', 'Retro', 'Strategy RPG']"
Mole Merge - Numbers!,Blezie,https://blezie.itch.io/mole-merge,2025-04-28T13:17:00Z,,Puzzle,A simple number merge game—try to merge numbers and achieve the highest score possible!,"['2D', 'diceless', 'Fast-Paced', 'merge', 'minigames', 'numbers', 'Pixel Art', 'Singleplayer', 'Sprites']"
Amazon Warehouse,LukieTheCookie,https://lukiethecookie.itch.io/amazon-warehouse,2025-04-28T13:07:00Z,,,Conveyor belt at an Amazon warehouse,[]
Numberz GBA,carsten1,https://carsten1.itch.io/numberz-gba,2025-04-28T13:04:00Z,,Puzzle,A number puzzle for GameBoy Advance,"['Game Boy Advance', 'Open Source']"
Harakiri,Seb.cs,https://sebcs.itch.io/harakiriweb,2025-04-28T12:59:00Z,,Action,,[]
The Guild Trader (Demo),nog1potje,https://nog1potje.itch.io/the-guild-trader-demo,2025-04-28T12:59:00Z,,Strategy,,"['Automation', 'Indie', 'Roguelite', 'Singleplayer']"
Rogue City (Early Access),TheFunFactory,https://thefunfactory.itch.io/rogue-city-early-access,2025-04-28T12:59:00Z,,,A little roguelike,[]
Banana Run,ninons,https://ninons.itch.io/banane-run,2025-04-28T12:55:00Z,,,,[]
MUDANDO DE TEMPO,RELTER_PLAYS,https://relter-plays.itch.io/mudando-de-tempo,2025-04-28T12:46:00Z,,,,[]
Legend of the Ancient Ruin v.0.2.2 [English Editon],Moukoko,https://maciej5215.itch.io/legend-of-the-ancient-ruin-v020-english-editon,2025-04-28T12:42:00Z,,Adventure,,"['2D', 'Exploration', 'Indie', 'Singleplayer']"
Jelly Jump,Insomnia,https://grandpagu.itch.io/jelly-jump,2025-04-28T12:41:00Z,,Platformer,,[]
Space Debt SUCKS,sable.rr,https://sablerr.itch.io/space-debt-sucks,2025-04-28T12:40:00Z,,Platformer,"What's more fun than real debt? Space Debt, duh.","['2D', 'Aliens', 'Hand-drawn', 'Side Scroller', 'Singleplayer', 'Space']"
Proving Grounds,RemixPhoenix,https://remixphoenix.itch.io/proving-grounds,2025-04-28T12:39:00Z,,Fighting,,[]
Monkey Business,Jahviez,https://jahviez.itch.io/monkey-business,2025-04-28T12:37:00Z,,Action,Purge disorder. Follow orders. The State decides who belongs.,"['3D', 'Atmospheric', 'Comedy', 'Creepy', 'Dark', 'Indie', 'Low-poly', 'Pixel Art', 'Retro', 'Third Person']"
Try to Reach,Mohammed-Redwan93,https://mohammed-redwan93.itch.io/try-to-reach,2025-04-28T12:36:00Z,,Adventure,A Running Game Before Time Runs Out,"['3D', '3D Platformer', 'Runner', 'Third Person', 'Unity']"
The Five Floors,Salieri009,https://salierix009.itch.io/the-five-floors,2025-04-28T12:36:00Z,,Puzzle,Explore the unexpected. Navigate choices. Shape your story.,"['3D', 'First-Person', 'meta', 'Narrative', 'Non violent', 'Psychological Horror']"
The Five Floors,Salieri009,https://salierix009.itch.io/the-five-floors,,,Puzzle,Explore the unexpected. Navigate choices. Shape your story.,[]
Plataformando,Ana_Bia2525,https://ana-bia2525.itch.io/plataformando,2025-04-28T12:34:00Z,,Platformer,Esse jogo é um projeto de faculdade,[]
Fox Reborn: Anubis’ Game,becapple,https://becapple.itch.io/fox-reborn-anubis-game,2025-04-28T12:32:00Z,,Adventure,Inspired by the Chinese fairy tale Fox Fire.,"['3D', 'Characters', 'Mystery', 'Roguelike', 'Unity']"
Jogo-Pique-Mario,Henriqueph7,https://henriqueph7.itch.io/jogo-pique-mario,,,,,[]
PlayJump,HeloSamantha,https://helosamantha.itch.io/playjump,2025-04-28T12:27:00Z,,,,[]
Goblin Town,Dwerg,https://dwerg.itch.io/goblin-town,2025-04-28T12:25:00Z,,Adventure,Discmaster Jam Submission,[]
Arrow Dance Mayhem: Bill Wurtz Edition Volume 2,8Chasey,https://8chasey.itch.io/adm-bwe-v2,2025-04-28T12:22:00Z,,Rhythm,Sequel to the dance game about Bill Wurtz,"['2D', 'dance', 'Music']"
Pepechess,NoiseToSeeYou,https://noisetoseeyou.itch.io/pepe-chess,2025-04-28T12:16:00Z,,,,[]
Heaven's Binds,Morrow Shore,https://morrowshore.itch.io/binds,2025-04-28T17:15:00Z,,Visual Novel,,"['Animals', 'Dark Fantasy', 'Fantasy', 'Forest', 'Furry', 'Narrative', 'Singleplayer', 'storygame']"
Chicken Go Splat,aussie114,https://aussie114.itch.io/chicken-go-splat,2025-04-28T12:14:00Z,,Action,,['Arcade']
Ninja Frog,ArtthurMoraes,https://artthurmoraes.itch.io/ninja-frog,2025-04-28T12:13:00Z,,,,[]
Pizza Tower Returns Returns: The Short and Sweet demo (recovered),CoolPepper,https://coolpepper.itch.io/pizza-tower-returns-returns-the-short-and-sweet-demo-recovered,2025-04-28T12:06:00Z,,Platformer,,['Pizza Tower']
Grid Duel,wTheos,https://wtheos.itch.io/grid-duel,2025-04-28T12:02:00Z,,,,"['3D', 'First-Person', 'Ghosts', 'Local Co-Op', 'PvP', 'Two Player', 'Versus']"
Feitiçaria Express,Hydra,https://hydra0666.itch.io/feitiaria-express,2025-04-28T11:58:00Z,,Puzzle,Encomendas mágicas!,"['2D', 'Magic']"
Fish out of water,Kramforsgymnasium,https://kramforsgymnasium.itch.io/fish,2025-04-28T11:55:00Z,,,,[]
Solar Sprint,monikazina,https://monikazina.itch.io/solar-sprint,2025-04-28T11:42:00Z,,,Speed through the wastelands and bring the world back to life!,"['2D', 'Creepy', 'Endless Runner', 'Post-apocalyptic', 'Side Scroller', 'Singleplayer']"
Rooms Remix,FurikTV,https://furiktv.itch.io/rooms-remix,2025-04-28T11:38:00Z,,,игра про комнаты и монстры,"['2D', 'Horror', 'No AI', 'Short', 'Singleplayer']"
Математика на фестивалі,AndreichukDiana,https://andreichukdiana.itch.io/math,2025-04-28T11:38:00Z,,Visual Novel,"""Хто б міг подумати, що математика буде на фестивалі?""","['2D', 'Anime', 'Characters', 'First-Person', 'Math', 'Narrative', ""Ren'Py""]"
Pixel titties Quest,PixelTittiesStudios,https://pixeltittiesstudios.itch.io/pixel-titties-quest,2025-04-28T11:36:00Z,,Platformer,A retro action platformer game. It's about fighting with dystopian castle forces in your journey to get pixel titties,"['Retro', 'Short', 'Singleplayer', 'Unity']"
The First Night,BoutDeCiel,https://boutdeciel.itch.io/the-first-night,2025-04-28T11:29:00Z,,,,[]
Lock In,NegativeIQBoi,https://negativeiqboi.itch.io/lock-in,2025-04-28T11:25:00Z,,Fighting,A short 2D fighting game developed on Unity to resemble arcade fighting games.,"['2D', 'Pixel Art', 'Retro', 'Unity']"
Alone Game (preview),v1tunm3l,https://v1tunm3l.itch.io/alone-game,2025-04-28T11:09:00Z,,Adventure,This is a project that is unfinished will be finished in near future.,[]
The Elevator...,dat1dev,https://dat1dev.itch.io/the-elevator,2025-04-28T11:02:00Z,,,The Only Way... Is up,"['3D', 'Dark', 'First-Person', 'Horror', 'Low-poly', 'Psychological Horror', 'Singleplayer', 'Unity']"
Torture This Stickman!,EnStudio,https://enstudio.itch.io/torture-this-stickman,,,Simulation,It's torture stickman game.,[]
Quest...ion?,cosycow,https://cosycow.itch.io/question,,,,An elderly hero with dementia can't remember whether they're on a quest.,[]
Rolling Ball,92uros92,https://92uros92.itch.io/rolling-ball,2025-04-28T10:44:00Z,,Platformer,,"['3D', 'Prototype', 'Unreal Engine']"
Incosia,NDY,https://ndy2.itch.io/incosia,2025-04-28T10:39:00Z,,,MSM fangame,"['Fangame', 'msm']"
Demon Chef Mayhem,Eff3rves,https://eff3rves.itch.io/demon-chef-mayhem,2025-04-28T10:36:00Z,,Action,Recipe for Disaster!,"['3D', 'No AI', 'Top down shooter']"
Don't Get Touched,afoncy,https://afoncy.itch.io/dont-get-touched,2025-04-28T10:36:00Z,,Survival,CSUMB 2025 Fools Jam,"['2D', 'No AI', 'Short']"
PingPongArcade,Kordesii,https://kordesii.itch.io/pingpongarcade,2025-04-28T10:36:00Z,,,,"['3D', 'Arcade', 'Dreams', 'Game Jam', 'Physics', 'pong', 'Retro']"
Money space,Zhukovsky Games,https://zhukovskygames.itch.io/moneyspace,2025-04-28T10:35:00Z,,,,[]
Hire Me!,GetAussied,https://getaussied.itch.io/hire-me,,,Strategy,idle game. make money over time,[]
PWTG - Polyworld The Game,TENKAIq,https://tenkaiq.itch.io/pwtg-polyworld-the-game,2025-04-28T10:25:00Z,,,#jsab #powerpoint,[]
The Last Basement,dominatori,https://dominatori.itch.io/thelastbasement,2025-04-28T10:24:00Z,,Survival,those who remain alive will envy the dead,['Text based']
SpaceShooter Pack (Kenneys),Felipe Martelo,https://felipemartelo.itch.io/spaceshooterpack-kenneys,2025-04-28T10:18:00Z,,,,[]
Procedural Generation of Ecosystem,zijianma,https://zijianma.itch.io/procedural-generation-of-ecosystem,2025-04-28T10:13:00Z,,,"Terrain Generation, Animal Generation, Procedural Generation",[]
The Last Basement,dominatori,https://dominatori.itch.io/thelastbasement,2025-04-28T10:24:00Z,,Survival,those who remain alive will envy the dead,['Text based']
SpaceShooter Pack (Kenneys),Felipe Martelo,https://felipemartelo.itch.io/spaceshooterpack-kenneys,2025-04-28T10:18:00Z,,,,[]
Procedural Generation of Ecosystem,zijianma,https://zijianma.itch.io/procedural-generation-of-ecosystem,2025-04-28T10:13:00Z,,,"Terrain Generation, Animal Generation, Procedural Generation",[]
Today I decided to take down the whole mafia,PREPLEATO,https://gamez-org.itch.io/today-i-decided-to-take-down-the-whole-mafia,2025-04-28T10:03:00Z,,Shooter,In this game you take down the whole mafia with your weapons,"['3D', 'First-Person', 'FPS', 'Funny', 'mafia', 'Pixel Art', 'Retro', 'Short', 'Singleplayer', 'Sprites']"
Survive to Date or Date to Survive,JLSS,https://jlss.itch.io/survive-to-date-or-date-to-survive,2025-04-28T10:01:00Z,,,,"['Singleplayer', 'top']"
A Cult in Maybell,710043951,https://710043951.itch.io/a-cult-in-maybell,2025-04-28T09:59:00Z,,Interactive Fiction,A thriller game where you try to find a girl that has been indoctrinated into a cult.,[]
Fantasy Battler: The Lost Idler,NullZone Studios,https://nullzone-studios.itch.io/fantasy-battler-the-lost-idler,2025-04-28T09:57:00Z,,Fighting,autobattler prototype project,"['16x16', '2D', 'Dungeon Crawler', 'Idle', 'Indie', 'monogame', 'Mouse only', 'Pixel Art', 'Top-Down']"
Leaf Blower Rogue Like,fblazarini,https://fblazarini.itch.io/leafblower-roguelike,2025-04-28T09:56:00Z,,,,[]
RUSTY KNIGHT: HARDMODE (MOBILE),DDMs GAMES,https://ddms-games.itch.io/rusty-knight-hardmode-mobile,2025-04-28T09:56:00Z,$1,Platformer,2D-PLATFORMER,"['2D', 'Fantasy', 'Indie', 'Pixel Art']"
RUSTY KNIGHT: HARDMODE (PC),DDMs GAMES,https://ddms-games.itch.io/rusty-knight-hardmode-pc,2025-04-28T09:56:00Z,$1,Platformer,2D-PLATFORMER,"['2D', 'Fantasy', 'Indie', 'Pixel Art']"
RUSTY KNIGHT: HARDMODE (DEMO),DDMs GAMES,https://ddms-games.itch.io/rusty-knight-hardmode-demo,2025-04-28T09:56:00Z,,Platformer,2D-PLATFORMER,"['2D', 'Fantasy', 'Indie', 'Pixel Art']"
ERROR (Demo),katerini,https://katerini.itch.io/error,2025-04-28T09:50:00Z,,Platformer,Charming retro-style 2.5D puzzle platformer,"['2D', 'Boss battle', 'demo', 'Difficult', 'Hand-drawn', 'Parody', 'Retro', 'Short', 'Singleplayer']"
Intrusive Fox,Metehan Çavdar,https://ciaodar.itch.io/intrusive-fox,2025-04-28T09:48:00Z,,Platformer,,"['2D', 'No AI']"
Outworldy Chef,EV3,https://ev3lindaboi.itch.io/outworldy-chef,2025-04-28T09:38:00Z,,Simulation,Make fast food for aliens in this Adobe Flash era-looking game!,"['2D', 'Cartoon', 'Cooking', 'discmaster', 'flash', 'No AI', 'Retro']"
The Souls Way,LazyApe,https://lazyape.itch.io/the-souls-way,2025-04-28T09:36:00Z,,Platformer,"​You are a soul lost in the Ethereal Realm,...","['2D', 'Metroidvania', 'Pixel Art', 'Singleplayer']"
Pokemon INDIGO (beta),Indigoe,https://nerthmon94.itch.io/pokemon-indigo,2025-04-28T09:35:00Z,,,,[]
Trust Me (Prototype),AUTISTIC MONKEYS,https://autistic-monkeys.itch.io/trust-me-prototype-browser,2025-04-28T09:33:00Z,,Platformer,It's a prototype for a game about deciding to trust the unknown person. (its two levels and a cutscene),"['2D', 'Comedy', 'Cute', 'Fantasy', 'Funny', 'Pixel Art', 'Short', 'Singleplayer']"
Morten The Geese Survivor,Simon Nielsen,https://simkl.itch.io/morten-survivor,2025-04-28T09:33:00Z,,Survival,Saint Morten has gone undercover in the goose pen - help him survive!,"['2D', 'dania', 'dania-games', 'morten', 'Roguelike', 'Survivor-like']"
ArchaeOS,ill omens,https://illomens.itch.io/archaeos,2025-04-28T09:29:00Z,,,Mercurius Semper Vincit,"['archaeogaming', 'discmaster', 'Retro', 'zine']"
WHATEVER IT TAKES,CHERRI,https://cherriluvs.itch.io/whatever-it-takes,2025-04-28T09:27:00Z,,Visual Novel,Create with Consience,[]
Champions,NotADev,https://notadev9000.itch.io/champions,2025-04-28T09:25:00Z,,Simulation,An procedurally generated arena sim,[]
BehaviourTree Build,AnaHnatchenko,https://anahnatchenko.itch.io/behaviourtreebuild,2025-04-28T09:25:00Z,,Shooter,Test shooter for testing the StateMachine and BehaviourTree,[]
The Adventure,Nahte101,https://nahte101.itch.io/the-adventure,2025-04-28T09:21:00Z,,Adventure,A spooky text adventure through a mansion,"['Horror', 'No AI', 'Text based']"
Witch Escape,Veixx,https://veixx.itch.io/witch-escape,,,Platformer,Short platformer made as my first videogame,[]
"Village Group One - Hussein, Malthe, Mahmoud and Oliver",HussiCodes,https://hussicodes.itch.io/village-group-one,2025-04-28T09:15:00Z,,Survival,The Valley is rich in resources! Mine gold and grow your village! Turn the Valley into a Kingdom!,"['2D', 'Historical', 'Medieval', 'Real time strategy', 'rich', 'Tactical']"
Unlimited Dungeons,somegamedev0,https://somegamedev0.itch.io/unlimited-dungeons,2025-04-28T09:10:00Z,,,"Grab your sword, enlighten your path! Brave knight, unlimited dungeons calls for you.",[]
Godyelp Trilogy,Godyelp Games,https://godyelp-games.itch.io/godyelp-trilogy,2025-04-28T09:04:00Z,,Platformer,The three games in Godyelp,['GameMaker']
PixelBreach,Vantage8,https://vantage8.itch.io/pixelbreach,2025-04-28T09:02:00Z,,,,[]
Brann Storm,ShaggySilverhand,https://shaggysilverhand.itch.io/brannstorm,2025-04-28T09:00:00Z,,Puzzle,Brann Storm is a viking escape room,"['esma', 'Medieval', 'viking']"
destroy_space,lb_entertainment,https://lb-entertainment.itch.io/destroy-space,2025-04-28T08:57:00Z,,Survival,Shooting game and collect the most points,"['2D', 'Endless', 'Godot', 'Pixel Art', 'Roguelike', 'Space']"
DungeonBall,Sam,https://shengyi-gong.itch.io/dungeonball,2025-04-28T08:57:00Z,,,,[]
Hidden Burrows: Vertical Slice Milestone 1 Test,Chris_Ortega,https://chris-ortega.itch.io/vertical-slice-milestone-1,2025-04-28T08:49:00Z,,,,[]
Desktop Worm,Little baboon,https://little-baboon.itch.io/desktop-worm,,,,A desktop worm that steals your cursor,[]
Cells eater,YoruDrawing,https://yorudrawing.itch.io/cells-eater,2025-04-28T08:43:00Z,,,You control a virus that has to eat cells !,"['2D', 'Trijam']"
MBGO_web,61120018L,https://61120018l.itch.io/mbgo-web,2025-04-28T08:33:00Z,,,,[]
Monke island - ARC1,Kadeon,https://kadeon.itch.io/monke-island-arc1,2025-04-28T08:29:00Z,,Role Playing,First Arc of 3 - Spread of Descent,"['2D', 'Female Protagonist', 'Horror', 'Indie', 'Retro', 'Short', 'Singleplayer']"
Cell Defense,jam_mack46,https://jam-mack46.itch.io/cell-defense,2025-04-28T08:18:00Z,,,,[]
Warming,Abyss_Shard,https://abyss-shard.itch.io/warming,2025-04-28T08:16:00Z,,Platformer,,"['candy', 'Comedy', 'Pixel Art']"
The Residence,wisherfox,https://wisherfox.itch.io/the-residence,2025-04-28T08:15:00Z,,Adventure,"""Nothing is what you think it is, and you are just a victim of yourself.""","['Horror', 'terror']"
Courage-A short story,I_AM_STUPID,https://some-on-e.itch.io/courage-a-short-story,2025-04-28T08:15:00Z,,,Make your courage cell.,[]
Bloodbound: The Price of Power,JhayVic Ambata,https://jhayvic-ambata.itch.io/bloodbound-the-price-of-power,2025-04-28T08:09:00Z,,Adventure,,"['2D', 'Pixel Art']"
Anterric,AnterricStudios,https://anterricstudios.itch.io/anterric,,,Adventure,Your colony needs you.,[]
Free Island,Lam Yong Chuan,https://lam-yong-chuan.itch.io/free-island,2025-04-28T08:04:00Z,,Adventure,,[]
Miss Dorothy,teshi_01,https://teshi-01.itch.io/miss-dorothy,2025-04-28T08:00:00Z,,Puzzle,Juego 3D corto de terror.,"['3D', 'Atmospheric', 'First-Person', 'Horror', 'Mystery', 'No AI', 'Short', 'Singleplayer', 'Unity']"
Microbe Mash,TheKingCharlie,https://thekingcharlie.itch.io/microbe-mash,2025-04-28T07:59:00Z,,Survival,,"['2D', 'Pixel Art', 'Singleplayer']"
Project Lighthouse,Joonas,https://moijoonas.itch.io/project-lighthouse,2025-04-28T07:56:00Z,,Puzzle,A minimal experience about aligning broken visual structures and uncovering the mystery of a lighthouse.,"['Abstract', 'anamorphic', 'Experimental', 'Minimalist', 'Mystery', 'Point & Click', 'Short', 'storygame', 'Surreal']"
Ali's Video Store Panic!,nuclearlala,https://nuclearlala.itch.io/alis-video-store-panic,2025-04-28T07:49:00Z,,Adventure,Go find and Return you late rentals!,"['2D', 'Cute', 'Simple', 'Singleplayer']"
Talk To The Claw,Lam Yong Chuan,https://lam-yong-chuan.itch.io/talk-to-the-claw,2025-04-28T07:38:00Z,,Adventure,,[]
In Your Dreams,MoltenNaut,https://moltennaut.itch.io/in-your-dreams,2025-04-28T07:34:00Z,,,,['Horror']
Slaughter Part 1: A DOOM II WAD,Lawson Coleman,https://lawson-coleman.itch.io/e1m4,2025-04-28T07:26:00Z,,Shooter,Made in april 2025 (1 Map per week!),"['caves', 'Doom', 'DOOM WAD', 'FPS', 'gzdoom', 'mod', 'techbase']"
Sumatest,C64 Cracks,https://c64cracks.itch.io/sumatest,2025-04-28T07:25:00Z,,Educational,Hispasoft - 1994,"['Commodore 64', 'hispasoft']"
Munnin,Raflito,https://raflito.itch.io/munnin,2025-04-28T07:22:00Z,,Platformer,"Lost memories in a cruel world, dominated by plague","['2D', 'Fantasy', 'Horror', 'Indie', 'Mystery', 'Pixel Art', 'Retro', 'Singleplayer']"
hamsterbuild,moeshit,https://moeshit.itch.io/hamsterbuild,2025-04-28T07:14:00Z,,,,[]
Fantasy Road,Fairy Games,https://fairy-games.itch.io/fantasy-road,2025-04-28T07:13:00Z,,,,"['Arcade', 'cargame', 'Cartoon', 'fantasy-road', 'Lo-fi', 'Roadtrip', 'Singleplayer', 'traffic-racer', 'Unity']"
Shoot,TheChainsawBoy,https://thechainsawboy.itch.io/shoot,2025-04-28T07:08:00Z,,Simulation,Shoot or don't!,"['2D', 'Psychological Horror', 'Retro', 'Short', 'Singleplayer']"
Unstoppable Piko,Severus Prince,https://severus-prince.itch.io/unstoppable-piko,2025-04-28T07:04:00Z,,Platformer,This game is platform game.,"['2D', 'Godot']"
Lucky Fighter EX Plus Ika,Takishi Usada,https://k-rock35.itch.io/lucky-fighter-ex-plus-ika,2025-04-28T07:03:00Z,,Fighting,Ft. Ika Musume,"['2D', 'Anime', 'Doujinshi', 'Fangame', 'fightinggame', 'ikamusume', 'luckystar', 'Ludum Dare 57', 'mugen', 'squidgirl']"
AceWTP,Rennie D,https://rennie-d.itch.io/acewtp,2025-04-28T07:03:00Z,,Educational,A math game prototype,[]
ADDJAM_Combo_Crafters,Cole_Dingo,https://cole-dingo.itch.io/addjam-combo-crafters,2025-04-28T07:00:00Z,,Action,Deckbuilding? Programming? Area Shooter?,"['Deck Building', 'Retro', 'Short']"
Speedy Stapler,Shylencce,https://shylencce.itch.io/speedy-stapler,2025-04-28T06:58:00Z,,,Staple as fast as you can!,"['altctrl', 'stapler']"
Fluid Frenzy Demo - Forest,Frenzy Byte,https://frenzy-byte.itch.io/fluid-frenzy-demo-forest,,,Simulation,Demo for the Unity asset Fluid Frenzy,[]
Astro Engineer,zvdp,https://zvdp.itch.io/astro-engineer,2025-04-28T06:57:00Z,,Educational,A fun way to learn coding language,"['2D', 'Short', 'Singleplayer']"
山村99: ULTRA-BATTLE Timeship DX,TRIPLEDDRUGGCO,https://dekkerd.itch.io/yamamura99,,,Shooter,Obliterate evil through time,[]
Chattera,Jojoo0855,https://jojoo0855.itch.io/chattera,2025-04-28T06:46:00Z,,Platformer,"Group chating app with friends, strangers and good system game , voting system and amazing UI design",[]
Get Out of New Guild,NickFarts,https://nickfarts.itch.io/get-out-of-new-guild,2025-04-28T06:45:00Z,,Platformer,"You are trapped in New Guild, a coop in Austin Texas. Everyone is inebriated, and you need to get out.",['Pixel Art']
TetraBros,Elagoht,https://elagoht.itch.io/tetrabros,2025-04-28T06:35:00Z,,Fighting,A chaotic 2-player wizard duel in a storm of Tetris blocks!,"['2D', 'localco', 'Local multiplayer', 'Magic', 'Multiplayer', 'Pixel Art', 'Split Screen', 'Tetris']"
Dial Up Rile Up,sleepicacti,https://sleepicacti.itch.io/dial-up-rile-up,2025-04-28T06:30:00Z,,Fighting,Get those ragamuffins OFF THE PHONE LINE,"['Godot', 'Pixel Art', 'Short', 'Trijam']"
Marshmallow Fluff,heatherhutch,https://heatherhutch.itch.io/marshmallow-fluff,,,Puzzle,,[]
Unprofessional Exhibition 3D,blueice15,https://blueice15.itch.io/unprofessional-exhibition-3d,2025-04-28T06:29:00Z,,,An immersive experience not made for the DiscMaster Jam.,"['3D', 'interactive']"
Catcoin Troubles DEMO,Creativv,https://creativv.itch.io/catcoin-troubles-demo,,,Platformer,Sadcat Lost his coins. need you help he does,[]
Prototype-Numenqoi,nominal251,https://nominal251.itch.io/prototype-numenqoi,2025-04-28T06:24:00Z,,,"A 2.5d pixel-art flight demo, made as the final project for DIG2783 Game Art.","['Flight', 'Pixel Art']"
Horse Race Test BOOHAG EDITION,Okay_iguess69,https://okay-iguess69.itch.io/horse-race-test-boohag-edition,2025-04-28T06:22:00Z,,,NEIIIIGH,[]
Bubblegum Galaxy,naomivega,https://naomivega.itch.io/bubblegum-galaxy,2025-04-28T06:17:00Z,,,​Leap through a dreamy pink galaxy in this space-themed parkour game!,"['Parkour', 'pink', 'Pixel Art', 'Space']"
Tap IT – Face the Challenge,vnoisy,https://vnoisy.itch.io/tap-it,2025-04-28T06:17:00Z,,Platformer,,"['2D', 'challenging', 'Difficult', 'hard', 'kaizo', 'masocore', 'precision-platformer', 'Singleplayer']"
Masics story,ひつじソフト,https://hitsuji-software.itch.io/masics-story,2025-04-28T06:15:00Z,,Action,Games made in 2007.,"['2D', 'Pixel Art']"
Cafe Pomodoro,Winterfall4,https://winterfall4.itch.io/cafe-pomodoro,2025-04-28T06:11:00Z,,,,[]
SOTE,2AM,https://niko-mantykoski.itch.io/sote,2025-04-28T06:11:00Z,,Educational,Opettavainen SOTE peli,[]
Zebrini,Zane Johns (kelpdance),https://kelpdance.itch.io/zebrini,2025-04-28T06:11:00Z,,Puzzle,a Sokoban-style lite Metroidvania,"['Cute', 'Metroidvania', 'metrosokovania', 'Pixel Art', 'Short', 'Sokoban']"
Depths of Space,jeff.harper.games,https://jeffharper.itch.io/depths-of-space,,,Adventure,"A cozy space adventure game, where you gather resources and upgrade your ship.",[]
Mega Death Race 3000000,nishaan1,https://nishaan1.itch.io/mega-death-race-3000000,2025-04-28T06:05:00Z,,Racing,"Mega, deathly, racing, 3000000",['Endless Runner']
Gargantuan Angling - Public demo,Räyhä Games,https://rayhagames.itch.io/gargantuan-angling-public-demo,2025-04-28T06:01:00Z,,Sports,An arcade style fishing game.,"['3D', 'Arcade', 'Fishing', 'Godot', 'Indie', 'Singleplayer']"
Ikan Bakar Seafood Cafe,AideedGameZ,https://aideedgamez.itch.io/ikan-bakar-seafood-cafe,2025-04-28T05:58:00Z,,Simulation,relax cafe game for beach guy,"['cafe', 'Comedy', 'Food', 'Life Simulation', 'Relaxing', 'Singleplayer', 'Slice Of Life']"
The Space Run,zarkam,https://zarkam.itch.io/the-space-run,2025-04-28T05:57:00Z,,,Explore Space,"['2D', 'Space']"
Dream Adventure,potato01123,https://potato01123.itch.io/dream-adventure,,,Platformer,Play through a series of dreams,[]
Python Picross,Noah,https://noah-poteat.itch.io/python-picross,2025-04-28T05:47:00Z,,Puzzle,picross created in python,"['2D', 'No AI', 'Picross', 'Singleplayer']"
Colonize Mars,HattrickZ,https://hattrickz.itch.io/colonize-mars,2025-04-28T05:47:00Z,,Simulation,,[]
Milo and Mystic Realms,TwinLightGames,https://twinlight-games.itch.io/milo-and-the-mystic-realms,2025-04-28T05:44:00Z,,Action,Escape the Grasp of an Evil Magician,"['3D', '3D Platformer', 'Magic', 'Singleplayer']"
Squish.,1010meha,https://1010meha.itch.io/squish,2025-04-28T05:34:00Z,,,,['3D']
Danceoff,Calaverita Studios,https://calaverita-studios.itch.io/danceoff,2025-04-28T05:32:00Z,,,¿Estás listo para bailar?,"['16x16', 'Colorful', 'Pixel Art', 'Singleplayer']"
MichelinFarm,hibgar,https://hibgar.itch.io/michelinfarm,2025-04-28T05:29:00Z,,,,[]
Nameless,quixoticanine,https://quixoticanine.itch.io/nameless,2025-04-28T05:25:00Z,,Adventure,,[]
Amanda's Morning Routine,baroldbilly,https://baroldbilly.itch.io/amandas-morning-routine,2025-04-28T05:17:00Z,,Adventure,,[]
Reflex,Demigod122111,https://demigod122111.itch.io/reflex,,,Platformer,Jump Together. Conquer Together. Reflexes Required.,[]
Hotpot City: Boiling Point,wildinjaelyn,https://wildinjaelyn.itch.io/hotpot-city-boiling-point,2025-04-28T05:04:00Z,,Interactive Fiction,Do you author the truth? A narrative-driven CRPG,"['computer-role-playing-game', 'crpg', 'interactive-novel', 'narrative-driven', 'roleplaying-game', 'story-driven']"
Caos mod,here's lolller,https://lolller.itch.io/aos-mod,,,,,[]
Explorador Ecosistemas,Error155,https://error155.itch.io/explorador-ecosistemas,,,Adventure,,[]
Ethics.EXE,tiffanyhuang03,https://tiffanyhuang03.itch.io/ethicsexe,2025-04-28T04:54:00Z,,,,[]
fast - the game,cheesy,https://cheesy7.itch.io/fast-the-game,2025-04-28T04:52:00Z,,,,"['2D', 'Difficult', 'Indie', 'No AI', 'Short', 'Singleplayer']"
Conway's Game of Life,gpc91,https://gpc91.itch.io/game-of-life,2025-04-28T04:50:00Z,,Simulation,Conway's Game of Life,"['2D', 'Casual', 'No AI', 'Pixel Art']"
Bit Golf,Daten Dev,https://daten-dev.itch.io/bit-golf,2025-04-28T04:50:00Z,,Sports,A little bit of golf!,"['2D', 'Godot', 'My First Game Jam', 'Physics', 'Pixel Art', 'Singleplayer']"
Photobiont,Dustin Blakey,https://dwblakey.itch.io/photobiont,2025-04-28T04:49:00Z,,Adventure,Guess who's free living! And loving it...?,"['Bitsy', 'botany', 'Indie', 'lichens', 'Pixel Art', 'Short']"
CandleLore,MEYOUMEYOU,https://meyoumeyou.itch.io/candlelore,2025-04-28T04:48:00Z,,Puzzle,A game by MEYOUMEYOU & LavsLabs,[]
Puzzles — Sliding Puzzle for C64 (CRT Cartridge),RetroProgrammation,https://retroprogrammation.itch.io/puzzles,2025-04-28T04:48:00Z,,Puzzle,"Sliding puzzle game for Commodore 64. Rearrange pieces to complete 7 different puzzles, up to 5 levels of difficulty!","['2D', 'Commodore 64', 'Pixel Art', 'Retro']"
BounceBill,Rodney Hussmann,https://rodneyhussmann.itch.io/bouncebill,,,,Test Build,[]
GHOUL BLOOD,GIGATANK 3000,https://gigatank3000.itch.io/ghoul-blood,2025-04-28T04:43:00Z,,Shooter,,"['Game Boy', 'Zombies']"
moontodoorongan,ongan,https://ongan.itch.io/moontodoorongan,2025-04-28T04:43:00Z,$1,,,[]
Pemmy's Paint,Skuffy,https://skuffy808.itch.io/pemmys-paint,2025-04-28T04:42:00Z,,Role Playing,,"['1bit', '2D', 'bad', 'pemmy', 'Pixel Art', 'trash']"
Puffed and Dangerous,Joeuf,https://joeuf.itch.io/puffed-and-dangerous,,,Adventure,,[]
BounceBill,Rodney Hussmann,https://rodneyhussmann.itch.io/bouncebill,2025-04-28T04:46:00Z,,,Test Build,[]
GHOUL BLOOD,GIGATANK 3000,https://gigatank3000.itch.io/ghoul-blood,2025-04-28T04:43:00Z,,Shooter,,"['Game Boy', 'Zombies']"
moontodoorongan,ongan,https://ongan.itch.io/moontodoorongan,2025-04-28T04:43:00Z,$1,,,[]
Pemmy's Paint,Skuffy,https://skuffy808.itch.io/pemmys-paint,2025-04-28T04:42:00Z,,Role Playing,,"['1bit', '2D', 'bad', 'pemmy', 'Pixel Art', 'trash']"
Puffed and Dangerous,Joeuf,https://joeuf.itch.io/puffed-and-dangerous,,,Adventure,,[]
REDLINE: Idle Front,Beorgames,https://beorgames.itch.io/redline-idle-front,2025-04-28T04:39:00Z,,,,"['2D', 'Clicker', 'Idle', 'Singleplayer', 'Tower Defense', 'Unity']"
Lawnmo!,proyurt,https://proyurt.itch.io/lawnmo,2025-04-28T04:32:00Z,,Puzzle,It's a lawn-mowing puzzle game!,"['Casual', 'Indie', 'Pixel Art', 'Retro', 'RPG Maker MV', 'Simple', 'Time Attack', 'Walking simulator']"
CatBard,Lotus,https://lotusflare.itch.io/catbard,,,Action,,[]
Sugar N' Spice: The Final Exam,ZestfulZalyn,https://zestfulzalyn.itch.io/sugar-and-spice-the-final-exam,2025-04-28T04:21:00Z,,Visual Novel,This is a visual novel for my Literacy Narrative project for WRTG 3870 Spring 2025,"['2D', 'Casual', 'Furry', 'Indie', 'Narrative', ""Ren'Py"", 'Short']"
Last One Standing,ztier,https://z-tier.itch.io/last-one-standing,2025-04-28T04:21:00Z,,Shooter,"In a world of anarchy, you're the last normal One left.",['Math']
Chronos,Algion,https://algion.itch.io/chronos,2025-04-28T04:16:00Z,,Action,Vampire x Hades meets In Time Movie,[]
TheRunner,MK32,https://mk32.itch.io/therunner,2025-04-28T04:16:00Z,,,#teamSmartCsharp,[]
Destruction of sinners,ThePipidastr,https://thepipidastr.itch.io/destruction-of-sinners,2025-04-28T04:15:00Z,,Action,Hard game,"['2D', 'Indie', 'Short', 'Singleplayer', 'Sprites', 'Top-Down', 'Top down shooter']"
A very cool bossfight against an alternate universe robert,Lantern Studios,https://lantern-studios.itch.io/a-very-cool-bossfight-against-an-alternate-universe-robert,2025-04-28T04:09:00Z,,Strategy,Late April Fools! Fight against an anomaly from an alternate universe!,['Boss battle']
Astrostate,liamflannery,https://liamflannery.itch.io/astrostate,2025-04-28T03:59:00Z,,Simulation,influence interplanetary diplomacy by choosing who you allow into your planet,['Space']
THE JOB.,FunkyToe(dev),https://funkytoedev.itch.io/the-job,2025-04-28T03:59:00Z,,Action,,"['employment', 'gorilla', 'Gorilla Tag', 'Horror', 'job', 'monkey', 'Monsters', 'scary', 'tag', 'work']"
Pursuit of Knowledge,ChiCheetah,https://chicheetah.itch.io/pursuit-of-knowledge,2025-04-28T03:59:00Z,,Interactive Fiction,"Starting as a cloud, transform yourself as you build your character through the trials of the Library!","['3D', 'Singleplayer']"
The First Mathemagician - Mini Jam 183,Cannochi,https://cannochi.itch.io/the-first-mathemagician-minijam-183,2025-04-28T03:58:00Z,,Strategy,Bending the fabric of reality with math!,['Turn-based Strategy']
Cards & Calcs,Hal,https://hallamrear.itch.io/cards-and-calcs,2025-04-28T03:58:00Z,,Card Game,,[]
Misterio en la Mansión Blackwood,Yael-Reyes,https://yael-reyes.itch.io/misterio-en-la-mansin-blackwood,2025-04-28T03:58:00Z,,Puzzle,Investiga un asesinato en una mansión llena de secretos y mentiras.,"['clue-based', 'Detective', 'Mystery', 'pygame', 'python']"
BRISK SIGNALS,topoj9,https://topoj9.itch.io/brisk-signals,2025-04-28T03:57:00Z,,Survival,They're here,"['3D', 'Atmospheric', 'First-Person', 'Godot', 'Horror', 'Indie', 'Psychological Horror', 'Singleplayer', 'Space']"
ARE YOU HUMAN?,SNik7,https://snik7.itch.io/are-you-human,2025-04-28T03:56:00Z,,Simulation,"""ERROR ENCOUNTERED - This program needs to confirm you are human.""","['2D', 'Indie', 'Pixel Art', 'Retro', 'Short', 'Singleplayer']"
